GHO (CODE),GHO (DISPLAY),GHO (URL),YEAR (DISPLAY),STARTYEAR,ENDYEAR,REGION (CODE),REGION (DISPLAY),COUNTRY (CODE),COUNTRY (DISPLAY),DIMENSION (TYPE),DIMENSION (CODE),DIMENSION (NAME),Numeric,Value,Low,High
#indicator+code,#indicator+name,#indicator+url,#date+year,#date+year+start,#date+year+end,#region+code,#region+name,#country+code,#country+name,#dimension+type,#dimension+code,#dimension+name,#indicator+value+num,#indicator+value,#indicator+value+low,#indicator+value+high
TB_hivtest_pct,TB patients with known HIV status (%),https://www.who.int/data/gho/data/indicators/indicator-details/GHO/tb-patients-with-known-hiv-status-%28-%29,2009,2009,2009,SEAR,South-East Asia,BTN,Bhutan,,,,12.0,12,,
TB_e_inc_num,Number of incident tuberculosis cases,https://www.who.int/data/gho/data/indicators/indicator-details/GHO/number-of-incident-tuberculosis-cases,2022,2022,2022,SEAR,South-East Asia,BTN,Bhutan,,,,1300.0,1300 [1100-1600],1100.0,1600.0
TB_e_inc_tbhiv_num,"Number of incident tuberculosis cases,  (HIV-positive cases)",https://www.who.int/data/gho/data/indicators/indicator-details/GHO/number-of-incident-tuberculosis-cases-%28hiv-positive-cases%29,2010,2010,2010,SEAR,South-East Asia,BTN,Bhutan,,,,160.0,160 [27-420],27.0,420.0
TB_c_mdr_tsr,Treatment success rate for patients treated for MDR-TB (%),https://www.who.int/data/gho/data/indicators/indicator-details/GHO/treatment-success-rate-for-patients-treated-for-mdr-tb-%28-%29,2014,2014,2014,SEAR,South-East Asia,BTN,Bhutan,,,,90.0,90,,
TB_e_inc_rr_num,Estimated number of MDR/RR-TB incident cases,https://www.who.int/data/gho/data/indicators/indicator-details/GHO/estimated-number-of-mdr-rr-tb-incident-cases,2017,2017,2017,SEAR,South-East Asia,BTN,Bhutan,,,,220.0,220 [170-280],170.0,280.0
TB_c_dst_rlt_new_pct,New cases tested for RR-/MDR-TB (%),https://www.who.int/data/gho/data/indicators/indicator-details/GHO/new-cases-tested-for-rr--mdr-tb-%28-%29,2017,2017,2017,SEAR,South-East Asia,BTN,Bhutan,,,,100.0,>100,,
TB_rr_mdr,Confirmed cases of RR-/MDR-TB,https://www.who.int/data/gho/data/indicators/indicator-details/GHO/confirmed-cases-of-rr--mdr-tb,2008,2008,2008,SEAR,South-East Asia,BTN,Bhutan,,,,7.0,7,,
MDG_0000000020,Incidence of tuberculosis (per 100 000 population per year),https://www.who.int/data/gho/data/indicators/indicator-details/GHO/incidence-of-tuberculosis-%28per-100-000-population-per-year%29,2010,2010,2010,SEAR,South-East Asia,BTN,Bhutan,,,,474.0,474 [386-572],386.0,572.0
TB_e_inc_tbhiv_num,"Number of incident tuberculosis cases,  (HIV-positive cases)",https://www.who.int/data/gho/data/indicators/indicator-details/GHO/number-of-incident-tuberculosis-cases-%28hiv-positive-cases%29,2005,2005,2005,SEAR,South-East Asia,BTN,Bhutan,,,,140.0,140 [24-340],24.0,340.0
TB_e_inc_num,Number of incident tuberculosis cases,https://www.who.int/data/gho/data/indicators/indicator-details/GHO/number-of-incident-tuberculosis-cases,2014,2014,2014,SEAR,South-East Asia,BTN,Bhutan,,,,2300.0,2300 [1800-2700],1800.0,2700.0
MDG_0000000020,Incidence of tuberculosis (per 100 000 population per year),https://www.who.int/data/gho/data/indicators/indicator-details/GHO/incidence-of-tuberculosis-%28per-100-000-population-per-year%29,2012,2012,2012,SEAR,South-East Asia,BTN,Bhutan,,,,363.0,363 [296-438],296.0,438.0
TB_c_new_tsr,Treatment success rate: new TB cases,https://www.who.int/data/gho/data/indicators/indicator-details/GHO/treatment-success-rate-new-tb-cases,2021,2021,2021,SEAR,South-East Asia,BTN,Bhutan,,,,94.0,94,,
TB_c_dst_rlt_ret_pct,Previously treated cases tested for RR-/MDR-TB (%),https://www.who.int/data/gho/data/indicators/indicator-details/GHO/previously-treated-cases-tested-for-rr--mdr-tb-%28-%29,2017,2017,2017,SEAR,South-East Asia,BTN,Bhutan,,,,70.0,70,,
TB_c_mdr_tsr,Treatment success rate for patients treated for MDR-TB (%),https://www.who.int/data/gho/data/indicators/indicator-details/GHO/treatment-success-rate-for-patients-treated-for-mdr-tb-%28-%29,2017,2017,2017,SEAR,South-East Asia,BTN,Bhutan,,,,98.0,98,,
TB_c_newinc,Tuberculosis - new and relapse cases,https://www.who.int/data/gho/data/indicators/indicator-details/GHO/tuberculosis---new-and-relapse-cases,2021,2021,2021,SEAR,South-East Asia,BTN,Bhutan,,,,854.0,854,,
TB_e_inc_tbhiv_100k,Incidence of tuberculosis (per 100 000 population) (HIV-positive cases),https://www.who.int/data/gho/data/indicators/indicator-details/GHO/incidence-of-tuberculosis-%28per-100-000-population%29-%28hiv-positive-cases%29,2006,2006,2006,SEAR,South-East Asia,BTN,Bhutan,,,,7.8,7.8 [1.3-20],1.3,20.0
TB_c_mdr_tx,Cases started on MDR-TB treatment,https://www.who.int/data/gho/data/indicators/indicator-details/GHO/cases-started-on-mdr-tb-treatment,2017,2017,2017,SEAR,South-East Asia,BTN,Bhutan,,,,60.0,60,,
TB_c_tbhiv_tsr,Treatment success rate: HIV-positive TB cases,https://www.who.int/data/gho/data/indicators/indicator-details/GHO/treatment-success-rate-hiv-positive-tb-cases,2019,2019,2019,SEAR,South-East Asia,BTN,Bhutan,,,,100.0,100,,
TB_c_mdr_tx,Cases started on MDR-TB treatment,https://www.who.int/data/gho/data/indicators/indicator-details/GHO/cases-started-on-mdr-tb-treatment,2022,2022,2022,SEAR,South-East Asia,BTN,Bhutan,,,,61.0,61,,
TB_c_newinc,Tuberculosis - new and relapse cases,https://www.who.int/data/gho/data/indicators/indicator-details/GHO/tuberculosis---new-and-relapse-cases,2020,2020,2020,SEAR,South-East Asia,BTN,Bhutan,,,,911.0,911,,
TB_rr_mdr,Confirmed cases of RR-/MDR-TB,https://www.who.int/data/gho/data/indicators/indicator-details/GHO/confirmed-cases-of-rr--mdr-tb,2024,2024,2024,SEAR,South-East Asia,BTN,Bhutan,,,,68.0,68,,
TB_c_new_tsr,Treatment success rate: new TB cases,https://www.who.int/data/gho/data/indicators/indicator-details/GHO/treatment-success-rate-new-tb-cases,2015,2015,2015,SEAR,South-East Asia,BTN,Bhutan,,,,92.0,92,,
TB_c_newinc,Tuberculosis - new and relapse cases,https://www.who.int/data/gho/data/indicators/indicator-details/GHO/tuberculosis---new-and-relapse-cases,2014,2014,2014,SEAR,South-East Asia,BTN,Bhutan,,,,1066.0,1066,,
TB_e_inc_tbhiv_100k,Incidence of tuberculosis (per 100 000 population) (HIV-positive cases),https://www.who.int/data/gho/data/indicators/indicator-details/GHO/incidence-of-tuberculosis-%28per-100-000-population%29-%28hiv-positive-cases%29,2011,2011,2011,SEAR,South-East Asia,BTN,Bhutan,,,,11.0,11 [1.7-29],1.7,29.0
MDG_0000000020,Incidence of tuberculosis (per 100 000 population per year),https://www.who.int/data/gho/data/indicators/indicator-details/GHO/incidence-of-tuberculosis-%28per-100-000-population-per-year%29,2023,2023,2023,SEAR,South-East Asia,BTN,Bhutan,,,,179.0,179 [146-216],146.0,216.0
TB_e_inc_rr_num,Estimated number of MDR/RR-TB incident cases,https://www.who.int/data/gho/data/indicators/indicator-details/GHO/estimated-number-of-mdr-rr-tb-incident-cases,2020,2020,2020,SEAR,South-East Asia,BTN,Bhutan,,,,200.0,200 [160-240],160.0,240.0
TB_c_dst_rlt_ret_pct,Previously treated cases tested for RR-/MDR-TB (%),https://www.who.int/data/gho/data/indicators/indicator-details/GHO/previously-treated-cases-tested-for-rr--mdr-tb-%28-%29,2019,2019,2019,SEAR,South-East Asia,BTN,Bhutan,,,,100.0,100,,
TB_1,Tuberculosis treatment coverage,https://www.who.int/data/gho/data/indicators/indicator-details/GHO/tuberculosis-treatment-coverage,2016,2016,2016,SEAR,South-East Asia,BTN,Bhutan,,,,51.0,51 [42-63],42.0,63.0
TB_e_inc_tbhiv_100k,Incidence of tuberculosis (per 100 000 population) (HIV-positive cases),https://www.who.int/data/gho/data/indicators/indicator-details/GHO/incidence-of-tuberculosis-%28per-100-000-population%29-%28hiv-positive-cases%29,2021,2021,2021,SEAR,South-East Asia,BTN,Bhutan,,,,0.58,0.58 [0.07-1.6],0.07,1.6
TB_c_dst_rlt_ret_pct,Previously treated cases tested for RR-/MDR-TB (%),https://www.who.int/data/gho/data/indicators/indicator-details/GHO/previously-treated-cases-tested-for-rr--mdr-tb-%28-%29,2021,2021,2021,SEAR,South-East Asia,BTN,Bhutan,,,,76.0,76,,
TB_e_inc_tbhiv_100k,Incidence of tuberculosis (per 100 000 population) (HIV-positive cases),https://www.who.int/data/gho/data/indicators/indicator-details/GHO/incidence-of-tuberculosis-%28per-100-000-population%29-%28hiv-positive-cases%29,2000,2000,2000,SEAR,South-East Asia,BTN,Bhutan,,,,8.8,8.8 [1.5-23],1.5,23.0
TB_hivtest_pct,TB patients with known HIV status (%),https://www.who.int/data/gho/data/indicators/indicator-details/GHO/tb-patients-with-known-hiv-status-%28-%29,2016,2016,2016,SEAR,South-East Asia,BTN,Bhutan,,,,100.0,100,,
TB_e_inc_tbhiv_100k,Incidence of tuberculosis (per 100 000 population) (HIV-positive cases),https://www.who.int/data/gho/data/indicators/indicator-details/GHO/incidence-of-tuberculosis-%28per-100-000-population%29-%28hiv-positive-cases%29,2012,2012,2012,SEAR,South-East Asia,BTN,Bhutan,,,,10.0,10 [1.5-26],1.5,26.0
TB_c_dst_rlt_ret_pct,Previously treated cases tested for RR-/MDR-TB (%),https://www.who.int/data/gho/data/indicators/indicator-details/GHO/previously-treated-cases-tested-for-rr--mdr-tb-%28-%29,2016,2016,2016,SEAR,South-East Asia,BTN,Bhutan,,,,100.0,100,,
TB_c_dst_rlt_ret_pct,Previously treated cases tested for RR-/MDR-TB (%),https://www.who.int/data/gho/data/indicators/indicator-details/GHO/previously-treated-cases-tested-for-rr--mdr-tb-%28-%29,2011,2011,2011,SEAR,South-East Asia,BTN,Bhutan,,,,37.0,37,,
TB_c_new_tsr,Treatment success rate: new TB cases,https://www.who.int/data/gho/data/indicators/indicator-details/GHO/treatment-success-rate-new-tb-cases,2010,2010,2010,SEAR,South-East Asia,BTN,Bhutan,,,,91.0,91,,
TB_1,Tuberculosis treatment coverage,https://www.who.int/data/gho/data/indicators/indicator-details/GHO/tuberculosis-treatment-coverage,2015,2015,2015,SEAR,South-East Asia,BTN,Bhutan,,,,49.0,49 [41-61],41.0,61.0
TB_hivtest_pos_pct,Tested TB patients HIV-positive (%),https://www.who.int/data/gho/data/indicators/indicator-details/GHO/tested-tb-patients-hiv-positive-%28-%29,2008,2008,2008,SEAR,South-East Asia,BTN,Bhutan,,,,2.9,2.9,,
MDG_0000000020,Incidence of tuberculosis (per 100 000 population per year),https://www.who.int/data/gho/data/indicators/indicator-details/GHO/incidence-of-tuberculosis-%28per-100-000-population-per-year%29,2000,2000,2000,SEAR,South-East Asia,BTN,Bhutan,,,,667.0,667 [542-803],542.0,803.0
TB_rr_mdr,Confirmed cases of RR-/MDR-TB,https://www.who.int/data/gho/data/indicators/indicator-details/GHO/confirmed-cases-of-rr--mdr-tb,2015,2015,2015,SEAR,South-East Asia,BTN,Bhutan,,,,49.0,49,,
TB_e_inc_tbhiv_num,"Number of incident tuberculosis cases,  (HIV-positive cases)",https://www.who.int/data/gho/data/indicators/indicator-details/GHO/number-of-incident-tuberculosis-cases-%28hiv-positive-cases%29,2001,2001,2001,SEAR,South-East Asia,BTN,Bhutan,,,,120.0,120 [23-310],23.0,310.0
TB_e_inc_num,Number of incident tuberculosis cases,https://www.who.int/data/gho/data/indicators/indicator-details/GHO/number-of-incident-tuberculosis-cases,2002,2002,2002,SEAR,South-East Asia,BTN,Bhutan,,,,3700.0,3700 [3000-4500],3000.0,4500.0
TB_c_mdr_tx,Cases started on MDR-TB treatment,https://www.who.int/data/gho/data/indicators/indicator-details/GHO/cases-started-on-mdr-tb-treatment,2009,2009,2009,SEAR,South-East Asia,BTN,Bhutan,,,,11.0,11,,
TB_c_tbhiv_tsr,Treatment success rate: HIV-positive TB cases,https://www.who.int/data/gho/data/indicators/indicator-details/GHO/treatment-success-rate-hiv-positive-tb-cases,2021,2021,2021,SEAR,South-East Asia,BTN,Bhutan,,,,100.0,100,,
TB_e_inc_num,Number of incident tuberculosis cases,https://www.who.int/data/gho/data/indicators/indicator-details/GHO/number-of-incident-tuberculosis-cases,2000,2000,2000,SEAR,South-East Asia,BTN,Bhutan,,,,4000.0,4000 [3200-4800],3200.0,4800.0
TB_c_new_tsr,Treatment success rate: new TB cases,https://www.who.int/data/gho/data/indicators/indicator-details/GHO/treatment-success-rate-new-tb-cases,2014,2014,2014,SEAR,South-East Asia,BTN,Bhutan,,,,90.0,90,,
TB_hivtest_pct,TB patients with known HIV status (%),https://www.who.int/data/gho/data/indicators/indicator-details/GHO/tb-patients-with-known-hiv-status-%28-%29,2012,2012,2012,SEAR,South-East Asia,BTN,Bhutan,,,,100.0,100,,
TB_c_mdr_tx,Cases started on MDR-TB treatment,https://www.who.int/data/gho/data/indicators/indicator-details/GHO/cases-started-on-mdr-tb-treatment,2011,2011,2011,SEAR,South-East Asia,BTN,Bhutan,,,,21.0,21,,
TB_e_inc_num,Number of incident tuberculosis cases,https://www.who.int/data/gho/data/indicators/indicator-details/GHO/number-of-incident-tuberculosis-cases,2018,2018,2018,SEAR,South-East Asia,BTN,Bhutan,,,,1600.0,1600 [1300-1900],1300.0,1900.0
TB_c_newinc,Tuberculosis - new and relapse cases,https://www.who.int/data/gho/data/indicators/indicator-details/GHO/tuberculosis---new-and-relapse-cases,2012,2012,2012,SEAR,South-East Asia,BTN,Bhutan,,,,1130.0,1130,,
TB_c_new_tsr,Treatment success rate: new TB cases,https://www.who.int/data/gho/data/indicators/indicator-details/GHO/treatment-success-rate-new-tb-cases,2002,2002,2002,SEAR,South-East Asia,BTN,Bhutan,,,,86.0,86,,
TB_c_dst_rlt_new_pct,New cases tested for RR-/MDR-TB (%),https://www.who.int/data/gho/data/indicators/indicator-details/GHO/new-cases-tested-for-rr--mdr-tb-%28-%29,2010,2010,2010,SEAR,South-East Asia,BTN,Bhutan,,,,24.0,24,,
TB_c_newinc,Tuberculosis - new and relapse cases,https://www.who.int/data/gho/data/indicators/indicator-details/GHO/tuberculosis---new-and-relapse-cases,2011,2011,2011,SEAR,South-East Asia,BTN,Bhutan,,,,1235.0,1235,,
TB_c_new_tsr,Treatment success rate: new TB cases,https://www.who.int/data/gho/data/indicators/indicator-details/GHO/treatment-success-rate-new-tb-cases,2022,2022,2022,SEAR,South-East Asia,BTN,Bhutan,,,,90.0,90,,
TB_1,Tuberculosis treatment coverage,https://www.who.int/data/gho/data/indicators/indicator-details/GHO/tuberculosis-treatment-coverage,2012,2012,2012,SEAR,South-East Asia,BTN,Bhutan,,,,43.0,43 [36-53],36.0,53.0
TB_hiv_art_pct,HIV-positive TB patients on ART (antiretroviral therapy) (%),https://www.who.int/data/gho/data/indicators/indicator-details/GHO/hiv-positive-tb-patients-on-art-%28antiretroviral-therapy%29-%28-%29,2024,2024,2024,SEAR,South-East Asia,BTN,Bhutan,,,,100.0,100,,
TB_e_inc_tbhiv_100k,Incidence of tuberculosis (per 100 000 population) (HIV-positive cases),https://www.who.int/data/gho/data/indicators/indicator-details/GHO/incidence-of-tuberculosis-%28per-100-000-population%29-%28hiv-positive-cases%29,2002,2002,2002,SEAR,South-East Asia,BTN,Bhutan,,,,7.5,7.5 [1.3-19],1.3,19.0
TB_hivtest_pct,TB patients with known HIV status (%),https://www.who.int/data/gho/data/indicators/indicator-details/GHO/tb-patients-with-known-hiv-status-%28-%29,2015,2015,2015,SEAR,South-East Asia,BTN,Bhutan,,,,67.0,67,,
TB_c_mdr_tx,Cases started on MDR-TB treatment,https://www.who.int/data/gho/data/indicators/indicator-details/GHO/cases-started-on-mdr-tb-treatment,2020,2020,2020,SEAR,South-East Asia,BTN,Bhutan,,,,67.0,67,,
TB_1,Tuberculosis treatment coverage,https://www.who.int/data/gho/data/indicators/indicator-details/GHO/tuberculosis-treatment-coverage,2010,2010,2010,SEAR,South-East Asia,BTN,Bhutan,,,,39.0,39 [33-48],33.0,48.0
TB_e_inc_tbhiv_100k,Incidence of tuberculosis (per 100 000 population) (HIV-positive cases),https://www.who.int/data/gho/data/indicators/indicator-details/GHO/incidence-of-tuberculosis-%28per-100-000-population%29-%28hiv-positive-cases%29,2016,2016,2016,SEAR,South-East Asia,BTN,Bhutan,,,,1.0,1 [0.29-2.2],0.29,2.2
TB_rr_mdr,Confirmed cases of RR-/MDR-TB,https://www.who.int/data/gho/data/indicators/indicator-details/GHO/confirmed-cases-of-rr--mdr-tb,2020,2020,2020,SEAR,South-East Asia,BTN,Bhutan,,,,65.0,65,,
TB_e_inc_rr_num,Estimated number of MDR/RR-TB incident cases,https://www.who.int/data/gho/data/indicators/indicator-details/GHO/estimated-number-of-mdr-rr-tb-incident-cases,2022,2022,2022,SEAR,South-East Asia,BTN,Bhutan,,,,170.0,170 [130-200],130.0,200.0
TB_c_newinc,Tuberculosis - new and relapse cases,https://www.who.int/data/gho/data/indicators/indicator-details/GHO/tuberculosis---new-and-relapse-cases,2005,2005,2005,SEAR,South-East Asia,BTN,Bhutan,,,,1007.0,1007,,
TB_c_ret_tsr,Treatment success rate: previously treated TB cases,https://www.who.int/data/gho/data/indicators/indicator-details/GHO/treatment-success-rate-previously-treated-tb-cases,1999,1999,1999,SEAR,South-East Asia,BTN,Bhutan,,,,87.0,87,,
TB_c_dst_rlt_new_pct,New cases tested for RR-/MDR-TB (%),https://www.who.int/data/gho/data/indicators/indicator-details/GHO/new-cases-tested-for-rr--mdr-tb-%28-%29,2013,2013,2013,SEAR,South-East Asia,BTN,Bhutan,,,,44.0,44,,
TB_c_new_tsr,Treatment success rate: new TB cases,https://www.who.int/data/gho/data/indicators/indicator-details/GHO/treatment-success-rate-new-tb-cases,2017,2017,2017,SEAR,South-East Asia,BTN,Bhutan,,,,93.0,93,,
TB_hiv_art_pct,HIV-positive TB patients on ART (antiretroviral therapy) (%),https://www.who.int/data/gho/data/indicators/indicator-details/GHO/hiv-positive-tb-patients-on-art-%28antiretroviral-therapy%29-%28-%29,2008,2008,2008,SEAR,South-East Asia,BTN,Bhutan,,,,100.0,100,,
TB_e_inc_num,Number of incident tuberculosis cases,https://www.who.int/data/gho/data/indicators/indicator-details/GHO/number-of-incident-tuberculosis-cases,2021,2021,2021,SEAR,South-East Asia,BTN,Bhutan,,,,1400.0,1400 [1200-1700],1200.0,1700.0
TB_c_mdr_tx,Cases started on MDR-TB treatment,https://www.who.int/data/gho/data/indicators/indicator-details/GHO/cases-started-on-mdr-tb-treatment,2024,2024,2024,SEAR,South-East Asia,BTN,Bhutan,,,,71.0,71,,
TB_e_inc_tbhiv_100k,Incidence of tuberculosis (per 100 000 population) (HIV-positive cases),https://www.who.int/data/gho/data/indicators/indicator-details/GHO/incidence-of-tuberculosis-%28per-100-000-population%29-%28hiv-positive-cases%29,2018,2018,2018,SEAR,South-East Asia,BTN,Bhutan,,,,0.34,0.34 [0.02-1.1],0.02,1.1
TB_c_tbhiv_tsr,Treatment success rate: HIV-positive TB cases,https://www.who.int/data/gho/data/indicators/indicator-details/GHO/treatment-success-rate-hiv-positive-tb-cases,2023,2023,2023,SEAR,South-East Asia,BTN,Bhutan,,,,100.0,100,,
TB_rr_mdr,Confirmed cases of RR-/MDR-TB,https://www.who.int/data/gho/data/indicators/indicator-details/GHO/confirmed-cases-of-rr--mdr-tb,2009,2009,2009,SEAR,South-East Asia,BTN,Bhutan,,,,15.0,15,,
TB_c_ret_tsr,Treatment success rate: previously treated TB cases,https://www.who.int/data/gho/data/indicators/indicator-details/GHO/treatment-success-rate-previously-treated-tb-cases,2006,2006,2006,SEAR,South-East Asia,BTN,Bhutan,,,,75.0,75,,
MDG_0000000020,Incidence of tuberculosis (per 100 000 population per year),https://www.who.int/data/gho/data/indicators/indicator-details/GHO/incidence-of-tuberculosis-%28per-100-000-population-per-year%29,2009,2009,2009,SEAR,South-East Asia,BTN,Bhutan,,,,432.0,432 [352-521],352.0,521.0
TB_c_ret_tsr,Treatment success rate: previously treated TB cases,https://www.who.int/data/gho/data/indicators/indicator-details/GHO/treatment-success-rate-previously-treated-tb-cases,2010,2010,2010,SEAR,South-East Asia,BTN,Bhutan,,,,84.0,84,,
TB_c_mdr_tx,Cases started on MDR-TB treatment,https://www.who.int/data/gho/data/indicators/indicator-details/GHO/cases-started-on-mdr-tb-treatment,2019,2019,2019,SEAR,South-East Asia,BTN,Bhutan,,,,70.0,70,,
TB_e_inc_tbhiv_num,"Number of incident tuberculosis cases,  (HIV-positive cases)",https://www.who.int/data/gho/data/indicators/indicator-details/GHO/number-of-incident-tuberculosis-cases-%28hiv-positive-cases%29,2011,2011,2011,SEAR,South-East Asia,BTN,Bhutan,,,,150.0,150 [24-380],24.0,380.0
TB_1,Tuberculosis treatment coverage,https://www.who.int/data/gho/data/indicators/indicator-details/GHO/tuberculosis-treatment-coverage,2013,2013,2013,SEAR,South-East Asia,BTN,Bhutan,,,,45.0,45 [38-56],38.0,56.0
TB_rr_mdr,Confirmed cases of RR-/MDR-TB,https://www.who.int/data/gho/data/indicators/indicator-details/GHO/confirmed-cases-of-rr--mdr-tb,2017,2017,2017,SEAR,South-East Asia,BTN,Bhutan,,,,60.0,60,,
TB_hivtest_pos_pct,Tested TB patients HIV-positive (%),https://www.who.int/data/gho/data/indicators/indicator-details/GHO/tested-tb-patients-hiv-positive-%28-%29,2013,2013,2013,SEAR,South-East Asia,BTN,Bhutan,,,,0.1,<0.1,,
MDG_0000000020,Incidence of tuberculosis (per 100 000 population per year),https://www.who.int/data/gho/data/indicators/indicator-details/GHO/incidence-of-tuberculosis-%28per-100-000-population-per-year%29,2016,2016,2016,SEAR,South-East Asia,BTN,Bhutan,,,,298.0,298 [242-359],242.0,359.0
TB_c_new_tsr,Treatment success rate: new TB cases,https://www.who.int/data/gho/data/indicators/indicator-details/GHO/treatment-success-rate-new-tb-cases,1995,1995,1995,SEAR,South-East Asia,BTN,Bhutan,,,,97.0,97,,
TB_c_newinc,Tuberculosis - new and relapse cases,https://www.who.int/data/gho/data/indicators/indicator-details/GHO/tuberculosis---new-and-relapse-cases,2004,2004,2004,SEAR,South-East Asia,BTN,Bhutan,,,,988.0,988,,
TB_c_tbhiv_tsr,Treatment success rate: HIV-positive TB cases,https://www.who.int/data/gho/data/indicators/indicator-details/GHO/treatment-success-rate-hiv-positive-tb-cases,2016,2016,2016,SEAR,South-East Asia,BTN,Bhutan,,,,67.0,67,,
TB_e_inc_tbhiv_100k,Incidence of tuberculosis (per 100 000 population) (HIV-positive cases),https://www.who.int/data/gho/data/indicators/indicator-details/GHO/incidence-of-tuberculosis-%28per-100-000-population%29-%28hiv-positive-cases%29,2003,2003,2003,SEAR,South-East Asia,BTN,Bhutan,,,,7.1,7.1 [1.2-18],1.2,18.0
TB_e_inc_tbhiv_num,"Number of incident tuberculosis cases,  (HIV-positive cases)",https://www.who.int/data/gho/data/indicators/indicator-details/GHO/number-of-incident-tuberculosis-cases-%28hiv-positive-cases%29,2020,2020,2020,SEAR,South-East Asia,BTN,Bhutan,,,,10.0,10 [3-22],3.0,22.0
TB_hivtest_pos_pct,Tested TB patients HIV-positive (%),https://www.who.int/data/gho/data/indicators/indicator-details/GHO/tested-tb-patients-hiv-positive-%28-%29,2015,2015,2015,SEAR,South-East Asia,BTN,Bhutan,,,,0.92,0.92,,
TB_rr_mdr,Confirmed cases of RR-/MDR-TB,https://www.who.int/data/gho/data/indicators/indicator-details/GHO/confirmed-cases-of-rr--mdr-tb,2023,2023,2023,SEAR,South-East Asia,BTN,Bhutan,,,,63.0,63,,
TB_hivtest_pct,TB patients with known HIV status (%),https://www.who.int/data/gho/data/indicators/indicator-details/GHO/tb-patients-with-known-hiv-status-%28-%29,2008,2008,2008,SEAR,South-East Asia,BTN,Bhutan,,,,6.9,6.9,,
MDG_0000000020,Incidence of tuberculosis (per 100 000 population per year),https://www.who.int/data/gho/data/indicators/indicator-details/GHO/incidence-of-tuberculosis-%28per-100-000-population-per-year%29,2019,2019,2019,SEAR,South-East Asia,BTN,Bhutan,,,,226.0,226 [184-273],184.0,273.0
TB_c_tbhiv_tsr,Treatment success rate: HIV-positive TB cases,https://www.who.int/data/gho/data/indicators/indicator-details/GHO/treatment-success-rate-hiv-positive-tb-cases,2020,2020,2020,SEAR,South-East Asia,BTN,Bhutan,,,,100.0,100,,
TB_c_newinc,Tuberculosis - new and relapse cases,https://www.who.int/data/gho/data/indicators/indicator-details/GHO/tuberculosis---new-and-relapse-cases,2002,2002,2002,SEAR,South-East Asia,BTN,Bhutan,,,,1089.0,1089,,
TB_1,Tuberculosis treatment coverage,https://www.who.int/data/gho/data/indicators/indicator-details/GHO/tuberculosis-treatment-coverage,2002,2002,2002,SEAR,South-East Asia,BTN,Bhutan,,,,29.0,29 [24-36],24.0,36.0
TB_c_mdr_tsr,Treatment success rate for patients treated for MDR-TB (%),https://www.who.int/data/gho/data/indicators/indicator-details/GHO/treatment-success-rate-for-patients-treated-for-mdr-tb-%28-%29,2006,2006,2006,SEAR,South-East Asia,BTN,Bhutan,,,,83.0,83,,
TB_e_inc_rr_num,Estimated number of MDR/RR-TB incident cases,https://www.who.int/data/gho/data/indicators/indicator-details/GHO/estimated-number-of-mdr-rr-tb-incident-cases,2018,2018,2018,SEAR,South-East Asia,BTN,Bhutan,,,,220.0,220 [170-270],170.0,270.0
MDG_0000000020,Incidence of tuberculosis (per 100 000 population per year),https://www.who.int/data/gho/data/indicators/indicator-details/GHO/incidence-of-tuberculosis-%28per-100-000-population-per-year%29,2017,2017,2017,SEAR,South-East Asia,BTN,Bhutan,,,,216.0,216 [176-261],176.0,261.0
TB_hiv_art_pct,HIV-positive TB patients on ART (antiretroviral therapy) (%),https://www.who.int/data/gho/data/indicators/indicator-details/GHO/hiv-positive-tb-patients-on-art-%28antiretroviral-therapy%29-%28-%29,2020,2020,2020,SEAR,South-East Asia,BTN,Bhutan,,,,100.0,100,,
TB_c_ret_tsr,Treatment success rate: previously treated TB cases,https://www.who.int/data/gho/data/indicators/indicator-details/GHO/treatment-success-rate-previously-treated-tb-cases,2015,2015,2015,SEAR,South-East Asia,BTN,Bhutan,,,,75.0,75,,
TB_c_ret_tsr,Treatment success rate: previously treated TB cases,https://www.who.int/data/gho/data/indicators/indicator-details/GHO/treatment-success-rate-previously-treated-tb-cases,2012,2012,2012,SEAR,South-East Asia,BTN,Bhutan,,,,35.0,35,,
TB_c_dst_rlt_new_pct,New cases tested for RR-/MDR-TB (%),https://www.who.int/data/gho/data/indicators/indicator-details/GHO/new-cases-tested-for-rr--mdr-tb-%28-%29,2016,2016,2016,SEAR,South-East Asia,BTN,Bhutan,,,,100.0,>100,,
TB_c_dst_rlt_ret_pct,Previously treated cases tested for RR-/MDR-TB (%),https://www.who.int/data/gho/data/indicators/indicator-details/GHO/previously-treated-cases-tested-for-rr--mdr-tb-%28-%29,2020,2020,2020,SEAR,South-East Asia,BTN,Bhutan,,,,100.0,100,,
TB_c_newinc,Tuberculosis - new and relapse cases,https://www.who.int/data/gho/data/indicators/indicator-details/GHO/tuberculosis---new-and-relapse-cases,2015,2015,2015,SEAR,South-East Asia,BTN,Bhutan,,,,963.0,963,,
TB_hivtest_pos_pct,Tested TB patients HIV-positive (%),https://www.who.int/data/gho/data/indicators/indicator-details/GHO/tested-tb-patients-hiv-positive-%28-%29,2019,2019,2019,SEAR,South-East Asia,BTN,Bhutan,,,,0.31,0.31,,
TB_hivtest_pct,TB patients with known HIV status (%),https://www.who.int/data/gho/data/indicators/indicator-details/GHO/tb-patients-with-known-hiv-status-%28-%29,2024,2024,2024,SEAR,South-East Asia,BTN,Bhutan,,,,98.0,98,,
TB_c_newinc,Tuberculosis - new and relapse cases,https://www.who.int/data/gho/data/indicators/indicator-details/GHO/tuberculosis---new-and-relapse-cases,2010,2010,2010,SEAR,South-East Asia,BTN,Bhutan,,,,1311.0,1311,,
TB_e_inc_tbhiv_num,"Number of incident tuberculosis cases,  (HIV-positive cases)",https://www.who.int/data/gho/data/indicators/indicator-details/GHO/number-of-incident-tuberculosis-cases-%28hiv-positive-cases%29,2004,2004,2004,SEAR,South-East Asia,BTN,Bhutan,,,,120.0,120 [23-310],23.0,310.0
MDG_0000000020,Incidence of tuberculosis (per 100 000 population per year),https://www.who.int/data/gho/data/indicators/indicator-details/GHO/incidence-of-tuberculosis-%28per-100-000-population-per-year%29,2013,2013,2013,SEAR,South-East Asia,BTN,Bhutan,,,,328.0,328 [267-396],267.0,396.0
TB_1,Tuberculosis treatment coverage,https://www.who.int/data/gho/data/indicators/indicator-details/GHO/tuberculosis-treatment-coverage,2004,2004,2004,SEAR,South-East Asia,BTN,Bhutan,,,,30.0,30 [25-36],25.0,36.0
TB_c_ret_tsr,Treatment success rate: previously treated TB cases,https://www.who.int/data/gho/data/indicators/indicator-details/GHO/treatment-success-rate-previously-treated-tb-cases,1997,1997,1997,SEAR,South-East Asia,BTN,Bhutan,,,,88.0,88,,
TB_hivtest_pct,TB patients with known HIV status (%),https://www.who.int/data/gho/data/indicators/indicator-details/GHO/tb-patients-with-known-hiv-status-%28-%29,2018,2018,2018,SEAR,South-East Asia,BTN,Bhutan,,,,98.0,98,,
MDG_0000000020,Incidence of tuberculosis (per 100 000 population per year),https://www.who.int/data/gho/data/indicators/indicator-details/GHO/incidence-of-tuberculosis-%28per-100-000-population-per-year%29,2002,2002,2002,SEAR,South-East Asia,BTN,Bhutan,,,,598.0,598 [486-721],486.0,721.0
TB_e_inc_tbhiv_num,"Number of incident tuberculosis cases,  (HIV-positive cases)",https://www.who.int/data/gho/data/indicators/indicator-details/GHO/number-of-incident-tuberculosis-cases-%28hiv-positive-cases%29,2019,2019,2019,SEAR,South-East Asia,BTN,Bhutan,,,,5.0,5 [1-14],1.0,14.0
MDG_0000000020,Incidence of tuberculosis (per 100 000 population per year),https://www.who.int/data/gho/data/indicators/indicator-details/GHO/incidence-of-tuberculosis-%28per-100-000-population-per-year%29,2014,2014,2014,SEAR,South-East Asia,BTN,Bhutan,,,,307.0,307 [250-370],250.0,370.0
TB_hivtest_pos_pct,Tested TB patients HIV-positive (%),https://www.who.int/data/gho/data/indicators/indicator-details/GHO/tested-tb-patients-hiv-positive-%28-%29,2024,2024,2024,SEAR,South-East Asia,BTN,Bhutan,,,,0.33,0.33,,
TB_rr_mdr,Confirmed cases of RR-/MDR-TB,https://www.who.int/data/gho/data/indicators/indicator-details/GHO/confirmed-cases-of-rr--mdr-tb,2022,2022,2022,SEAR,South-East Asia,BTN,Bhutan,,,,61.0,61,,
TB_rr_mdr,Confirmed cases of RR-/MDR-TB,https://www.who.int/data/gho/data/indicators/indicator-details/GHO/confirmed-cases-of-rr--mdr-tb,2019,2019,2019,SEAR,South-East Asia,BTN,Bhutan,,,,87.0,87,,
TB_hivtest_pos_pct,Tested TB patients HIV-positive (%),https://www.who.int/data/gho/data/indicators/indicator-details/GHO/tested-tb-patients-hiv-positive-%28-%29,2021,2021,2021,SEAR,South-East Asia,BTN,Bhutan,,,,0.35,0.35,,
TB_hivtest_pct,TB patients with known HIV status (%),https://www.who.int/data/gho/data/indicators/indicator-details/GHO/tb-patients-with-known-hiv-status-%28-%29,2005,2005,2005,SEAR,South-East Asia,BTN,Bhutan,,,,25.0,25,,
TB_e_inc_num,Number of incident tuberculosis cases,https://www.who.int/data/gho/data/indicators/indicator-details/GHO/number-of-incident-tuberculosis-cases,2024,2024,2024,SEAR,South-East Asia,BTN,Bhutan,,,,1500.0,1500 [1200-1800],1200.0,1800.0
TB_e_inc_tbhiv_100k,Incidence of tuberculosis (per 100 000 population) (HIV-positive cases),https://www.who.int/data/gho/data/indicators/indicator-details/GHO/incidence-of-tuberculosis-%28per-100-000-population%29-%28hiv-positive-cases%29,2005,2005,2005,SEAR,South-East Asia,BTN,Bhutan,,,,7.9,7.9 [1.3-20],1.3,20.0
TB_c_dst_rlt_ret_pct,Previously treated cases tested for RR-/MDR-TB (%),https://www.who.int/data/gho/data/indicators/indicator-details/GHO/previously-treated-cases-tested-for-rr--mdr-tb-%28-%29,2008,2008,2008,SEAR,South-East Asia,BTN,Bhutan,,,,0.0,0,,
MDG_0000000020,Incidence of tuberculosis (per 100 000 population per year),https://www.who.int/data/gho/data/indicators/indicator-details/GHO/incidence-of-tuberculosis-%28per-100-000-population-per-year%29,2006,2006,2006,SEAR,South-East Asia,BTN,Bhutan,,,,429.0,429 [349-517],349.0,517.0
TB_c_ret_tsr,Treatment success rate: previously treated TB cases,https://www.who.int/data/gho/data/indicators/indicator-details/GHO/treatment-success-rate-previously-treated-tb-cases,2009,2009,2009,SEAR,South-East Asia,BTN,Bhutan,,,,82.0,82,,
TB_1,Tuberculosis treatment coverage,https://www.who.int/data/gho/data/indicators/indicator-details/GHO/tuberculosis-treatment-coverage,2007,2007,2007,SEAR,South-East Asia,BTN,Bhutan,,,,34.0,34 [28-41],28.0,41.0
TB_hivtest_pos_pct,Tested TB patients HIV-positive (%),https://www.who.int/data/gho/data/indicators/indicator-details/GHO/tested-tb-patients-hiv-positive-%28-%29,2020,2020,2020,SEAR,South-East Asia,BTN,Bhutan,,,,0.66,0.66,,
TB_hiv_art_pct,HIV-positive TB patients on ART (antiretroviral therapy) (%),https://www.who.int/data/gho/data/indicators/indicator-details/GHO/hiv-positive-tb-patients-on-art-%28antiretroviral-therapy%29-%28-%29,2022,2022,2022,SEAR,South-East Asia,BTN,Bhutan,,,,100.0,100,,
TB_c_new_tsr,Treatment success rate: new TB cases,https://www.who.int/data/gho/data/indicators/indicator-details/GHO/treatment-success-rate-new-tb-cases,2012,2012,2012,SEAR,South-East Asia,BTN,Bhutan,,,,92.0,92,,
TB_c_xdr_tsr,Treatment success rate: XDR-TB cases,https://www.who.int/data/gho/data/indicators/indicator-details/GHO/estimated-xdr-tb-cases,2022,2022,2022,SEAR,South-East Asia,BTN,Bhutan,,,,100.0,100,,
TB_e_inc_tbhiv_100k,Incidence of tuberculosis (per 100 000 population) (HIV-positive cases),https://www.who.int/data/gho/data/indicators/indicator-details/GHO/incidence-of-tuberculosis-%28per-100-000-population%29-%28hiv-positive-cases%29,2010,2010,2010,SEAR,South-East Asia,BTN,Bhutan,,,,12.0,12 [1.7-31],1.7,31.0
TB_c_mdr_tsr,Treatment success rate for patients treated for MDR-TB (%),https://www.who.int/data/gho/data/indicators/indicator-details/GHO/treatment-success-rate-for-patients-treated-for-mdr-tb-%28-%29,2008,2008,2008,SEAR,South-East Asia,BTN,Bhutan,,,,75.0,75,,
TB_c_new_tsr,Treatment success rate: new TB cases,https://www.who.int/data/gho/data/indicators/indicator-details/GHO/treatment-success-rate-new-tb-cases,2013,2013,2013,SEAR,South-East Asia,BTN,Bhutan,,,,91.0,91,,
TB_hiv_art_pct,HIV-positive TB patients on ART (antiretroviral therapy) (%),https://www.who.int/data/gho/data/indicators/indicator-details/GHO/hiv-positive-tb-patients-on-art-%28antiretroviral-therapy%29-%28-%29,2009,2009,2009,SEAR,South-East Asia,BTN,Bhutan,,,,100.0,100,,
MDG_0000000020,Incidence of tuberculosis (per 100 000 population per year),https://www.who.int/data/gho/data/indicators/indicator-details/GHO/incidence-of-tuberculosis-%28per-100-000-population-per-year%29,2001,2001,2001,SEAR,South-East Asia,BTN,Bhutan,,,,587.0,587 [478-708],478.0,708.0
TB_c_ret_tsr,Treatment success rate: previously treated TB cases,https://www.who.int/data/gho/data/indicators/indicator-details/GHO/treatment-success-rate-previously-treated-tb-cases,2021,2021,2021,SEAR,South-East Asia,BTN,Bhutan,,,,100.0,100,,
TB_c_newinc,Tuberculosis - new and relapse cases,https://www.who.int/data/gho/data/indicators/indicator-details/GHO/tuberculosis---new-and-relapse-cases,2024,2024,2024,SEAR,South-East Asia,BTN,Bhutan,,,,903.0,903,,
TB_c_newinc,Tuberculosis - new and relapse cases,https://www.who.int/data/gho/data/indicators/indicator-details/GHO/tuberculosis---new-and-relapse-cases,2022,2022,2022,SEAR,South-East Asia,BTN,Bhutan,,,,794.0,794,,
TB_e_inc_tbhiv_num,"Number of incident tuberculosis cases,  (HIV-positive cases)",https://www.who.int/data/gho/data/indicators/indicator-details/GHO/number-of-incident-tuberculosis-cases-%28hiv-positive-cases%29,2018,2018,2018,SEAR,South-East Asia,BTN,Bhutan,,,,4.0,4 [0-12],0.0,12.0
MDG_0000000020,Incidence of tuberculosis (per 100 000 population per year),https://www.who.int/data/gho/data/indicators/indicator-details/GHO/incidence-of-tuberculosis-%28per-100-000-population-per-year%29,2004,2004,2004,SEAR,South-East Asia,BTN,Bhutan,,,,512.0,512 [416-616],416.0,616.0
TB_c_mdr_tsr,Treatment success rate for patients treated for MDR-TB (%),https://www.who.int/data/gho/data/indicators/indicator-details/GHO/treatment-success-rate-for-patients-treated-for-mdr-tb-%28-%29,2022,2022,2022,SEAR,South-East Asia,BTN,Bhutan,,,,91.0,91,,
TB_c_mdr_tsr,Treatment success rate for patients treated for MDR-TB (%),https://www.who.int/data/gho/data/indicators/indicator-details/GHO/treatment-success-rate-for-patients-treated-for-mdr-tb-%28-%29,2019,2019,2019,SEAR,South-East Asia,BTN,Bhutan,,,,97.0,97,,
TB_1,Tuberculosis treatment coverage,https://www.who.int/data/gho/data/indicators/indicator-details/GHO/tuberculosis-treatment-coverage,2001,2001,2001,SEAR,South-East Asia,BTN,Bhutan,,,,29.0,29 [24-36],24.0,36.0
TB_rr_mdr,Confirmed cases of RR-/MDR-TB,https://www.who.int/data/gho/data/indicators/indicator-details/GHO/confirmed-cases-of-rr--mdr-tb,2016,2016,2016,SEAR,South-East Asia,BTN,Bhutan,,,,55.0,55,,
TB_c_ret_tsr,Treatment success rate: previously treated TB cases,https://www.who.int/data/gho/data/indicators/indicator-details/GHO/treatment-success-rate-previously-treated-tb-cases,2013,2013,2013,SEAR,South-East Asia,BTN,Bhutan,,,,60.0,60,,
TB_c_tbhiv_tsr,Treatment success rate: HIV-positive TB cases,https://www.who.int/data/gho/data/indicators/indicator-details/GHO/treatment-success-rate-hiv-positive-tb-cases,2022,2022,2022,SEAR,South-East Asia,BTN,Bhutan,,,,100.0,100,,
TB_hiv_art_pct,HIV-positive TB patients on ART (antiretroviral therapy) (%),https://www.who.int/data/gho/data/indicators/indicator-details/GHO/hiv-positive-tb-patients-on-art-%28antiretroviral-therapy%29-%28-%29,2015,2015,2015,SEAR,South-East Asia,BTN,Bhutan,,,,100.0,100,,
TB_c_newinc,Tuberculosis - new and relapse cases,https://www.who.int/data/gho/data/indicators/indicator-details/GHO/tuberculosis---new-and-relapse-cases,2001,2001,2001,SEAR,South-East Asia,BTN,Bhutan,,,,1037.0,1037,,
TB_c_dst_rlt_new_pct,New cases tested for RR-/MDR-TB (%),https://www.who.int/data/gho/data/indicators/indicator-details/GHO/new-cases-tested-for-rr--mdr-tb-%28-%29,2018,2018,2018,SEAR,South-East Asia,BTN,Bhutan,,,,88.0,88,,
TB_e_inc_rr_num,Estimated number of MDR/RR-TB incident cases,https://www.who.int/data/gho/data/indicators/indicator-details/GHO/estimated-number-of-mdr-rr-tb-incident-cases,2019,2019,2019,SEAR,South-East Asia,BTN,Bhutan,,,,230.0,230 [180-280],180.0,280.0
TB_c_ret_tsr,Treatment success rate: previously treated TB cases,https://www.who.int/data/gho/data/indicators/indicator-details/GHO/treatment-success-rate-previously-treated-tb-cases,2016,2016,2016,SEAR,South-East Asia,BTN,Bhutan,,,,100.0,100,,
TB_c_new_tsr,Treatment success rate: new TB cases,https://www.who.int/data/gho/data/indicators/indicator-details/GHO/treatment-success-rate-new-tb-cases,1998,1998,1998,SEAR,South-East Asia,BTN,Bhutan,,,,90.0,90,,
TB_e_inc_tbhiv_num,"Number of incident tuberculosis cases,  (HIV-positive cases)",https://www.who.int/data/gho/data/indicators/indicator-details/GHO/number-of-incident-tuberculosis-cases-%28hiv-positive-cases%29,2024,2024,2024,SEAR,South-East Asia,BTN,Bhutan,,,,5.0,5 [1-14],1.0,14.0
TB_c_dst_rlt_new_pct,New cases tested for RR-/MDR-TB (%),https://www.who.int/data/gho/data/indicators/indicator-details/GHO/new-cases-tested-for-rr--mdr-tb-%28-%29,2019,2019,2019,SEAR,South-East Asia,BTN,Bhutan,,,,100.0,100,,
TB_c_newinc,Tuberculosis - new and relapse cases,https://www.who.int/data/gho/data/indicators/indicator-details/GHO/tuberculosis---new-and-relapse-cases,2023,2023,2023,SEAR,South-East Asia,BTN,Bhutan,,,,840.0,840,,
TB_rr_mdr,Confirmed cases of RR-/MDR-TB,https://www.who.int/data/gho/data/indicators/indicator-details/GHO/confirmed-cases-of-rr--mdr-tb,2012,2012,2012,SEAR,South-East Asia,BTN,Bhutan,,,,16.0,16,,
TB_c_new_tsr,Treatment success rate: new TB cases,https://www.who.int/data/gho/data/indicators/indicator-details/GHO/treatment-success-rate-new-tb-cases,2019,2019,2019,SEAR,South-East Asia,BTN,Bhutan,,,,94.0,94,,
TB_c_newinc,Tuberculosis - new and relapse cases,https://www.who.int/data/gho/data/indicators/indicator-details/GHO/tuberculosis---new-and-relapse-cases,2003,2003,2003,SEAR,South-East Asia,BTN,Bhutan,,,,1026.0,1026,,
TB_e_inc_tbhiv_100k,Incidence of tuberculosis (per 100 000 population) (HIV-positive cases),https://www.who.int/data/gho/data/indicators/indicator-details/GHO/incidence-of-tuberculosis-%28per-100-000-population%29-%28hiv-positive-cases%29,2015,2015,2015,SEAR,South-East Asia,BTN,Bhutan,,,,1.5,1.5 [0.59-2.9],0.59,2.9
TB_e_inc_tbhiv_num,"Number of incident tuberculosis cases,  (HIV-positive cases)",https://www.who.int/data/gho/data/indicators/indicator-details/GHO/number-of-incident-tuberculosis-cases-%28hiv-positive-cases%29,2007,2007,2007,SEAR,South-East Asia,BTN,Bhutan,,,,140.0,140 [24-360],24.0,360.0
TB_c_dst_rlt_ret_pct,Previously treated cases tested for RR-/MDR-TB (%),https://www.who.int/data/gho/data/indicators/indicator-details/GHO/previously-treated-cases-tested-for-rr--mdr-tb-%28-%29,2018,2018,2018,SEAR,South-East Asia,BTN,Bhutan,,,,12.0,12,,
TB_c_dst_rlt_ret_pct,Previously treated cases tested for RR-/MDR-TB (%),https://www.who.int/data/gho/data/indicators/indicator-details/GHO/previously-treated-cases-tested-for-rr--mdr-tb-%28-%29,2010,2010,2010,SEAR,South-East Asia,BTN,Bhutan,,,,37.0,37,,
TB_c_dst_rlt_ret_pct,Previously treated cases tested for RR-/MDR-TB (%),https://www.who.int/data/gho/data/indicators/indicator-details/GHO/previously-treated-cases-tested-for-rr--mdr-tb-%28-%29,2014,2014,2014,SEAR,South-East Asia,BTN,Bhutan,,,,62.0,62,,
TB_c_new_tsr,Treatment success rate: new TB cases,https://www.who.int/data/gho/data/indicators/indicator-details/GHO/treatment-success-rate-new-tb-cases,2023,2023,2023,SEAR,South-East Asia,BTN,Bhutan,,,,84.0,84,,
TB_c_ret_tsr,Treatment success rate: previously treated TB cases,https://www.who.int/data/gho/data/indicators/indicator-details/GHO/treatment-success-rate-previously-treated-tb-cases,2017,2017,2017,SEAR,South-East Asia,BTN,Bhutan,,,,100.0,100,,
TB_e_inc_rr_num,Estimated number of MDR/RR-TB incident cases,https://www.who.int/data/gho/data/indicators/indicator-details/GHO/estimated-number-of-mdr-rr-tb-incident-cases,2023,2023,2023,SEAR,South-East Asia,BTN,Bhutan,,,,170.0,170 [130-210],130.0,210.0
TB_1,Tuberculosis treatment coverage,https://www.who.int/data/gho/data/indicators/indicator-details/GHO/tuberculosis-treatment-coverage,2024,2024,2024,SEAR,South-East Asia,BTN,Bhutan,,,,60.0,60 [49-73],49.0,73.0
TB_c_ret_tsr,Treatment success rate: previously treated TB cases,https://www.who.int/data/gho/data/indicators/indicator-details/GHO/treatment-success-rate-previously-treated-tb-cases,2004,2004,2004,SEAR,South-East Asia,BTN,Bhutan,,,,82.0,82,,
TB_e_inc_rr_num,Estimated number of MDR/RR-TB incident cases,https://www.who.int/data/gho/data/indicators/indicator-details/GHO/estimated-number-of-mdr-rr-tb-incident-cases,2024,2024,2024,SEAR,South-East Asia,BTN,Bhutan,,,,180.0,180 [140-220],140.0,220.0
TB_c_dst_rlt_new_pct,New cases tested for RR-/MDR-TB (%),https://www.who.int/data/gho/data/indicators/indicator-details/GHO/new-cases-tested-for-rr--mdr-tb-%28-%29,2024,2024,2024,SEAR,South-East Asia,BTN,Bhutan,,,,100.0,100,,
TB_e_inc_num,Number of incident tuberculosis cases,https://www.who.int/data/gho/data/indicators/indicator-details/GHO/number-of-incident-tuberculosis-cases,2011,2011,2011,SEAR,South-East Asia,BTN,Bhutan,,,,3000.0,3000 [2400-3600],2400.0,3600.0
TB_hiv_art_pct,HIV-positive TB patients on ART (antiretroviral therapy) (%),https://www.who.int/data/gho/data/indicators/indicator-details/GHO/hiv-positive-tb-patients-on-art-%28antiretroviral-therapy%29-%28-%29,2023,2023,2023,SEAR,South-East Asia,BTN,Bhutan,,,,100.0,100,,
TB_1,Tuberculosis treatment coverage,https://www.who.int/data/gho/data/indicators/indicator-details/GHO/tuberculosis-treatment-coverage,2020,2020,2020,SEAR,South-East Asia,BTN,Bhutan,,,,59.0,59 [49-72],49.0,72.0
TB_e_inc_rr_num,Estimated number of MDR/RR-TB incident cases,https://www.who.int/data/gho/data/indicators/indicator-details/GHO/estimated-number-of-mdr-rr-tb-incident-cases,2016,2016,2016,SEAR,South-East Asia,BTN,Bhutan,,,,310.0,310 [240-390],240.0,390.0
TB_hiv_art_pct,HIV-positive TB patients on ART (antiretroviral therapy) (%),https://www.who.int/data/gho/data/indicators/indicator-details/GHO/hiv-positive-tb-patients-on-art-%28antiretroviral-therapy%29-%28-%29,2013,2013,2013,SEAR,South-East Asia,BTN,Bhutan,,,,100.0,100,,
MDG_0000000020,Incidence of tuberculosis (per 100 000 population per year),https://www.who.int/data/gho/data/indicators/indicator-details/GHO/incidence-of-tuberculosis-%28per-100-000-population-per-year%29,2015,2015,2015,SEAR,South-East Asia,BTN,Bhutan,,,,264.0,264 [214-318],214.0,318.0
TB_1,Tuberculosis treatment coverage,https://www.who.int/data/gho/data/indicators/indicator-details/GHO/tuberculosis-treatment-coverage,2018,2018,2018,SEAR,South-East Asia,BTN,Bhutan,,,,56.0,56 [46-68],46.0,68.0
TB_c_xdr_tsr,Treatment success rate: XDR-TB cases,https://www.who.int/data/gho/data/indicators/indicator-details/GHO/estimated-xdr-tb-cases,2020,2020,2020,SEAR,South-East Asia,BTN,Bhutan,,,,100.0,100,,
TB_c_ret_tsr,Treatment success rate: previously treated TB cases,https://www.who.int/data/gho/data/indicators/indicator-details/GHO/treatment-success-rate-previously-treated-tb-cases,2008,2008,2008,SEAR,South-East Asia,BTN,Bhutan,,,,79.0,79,,
TB_c_new_tsr,Treatment success rate: new TB cases,https://www.who.int/data/gho/data/indicators/indicator-details/GHO/treatment-success-rate-new-tb-cases,2020,2020,2020,SEAR,South-East Asia,BTN,Bhutan,,,,94.0,94,,
TB_c_ret_tsr,Treatment success rate: previously treated TB cases,https://www.who.int/data/gho/data/indicators/indicator-details/GHO/treatment-success-rate-previously-treated-tb-cases,2002,2002,2002,SEAR,South-East Asia,BTN,Bhutan,,,,55.0,55,,
TB_1,Tuberculosis treatment coverage,https://www.who.int/data/gho/data/indicators/indicator-details/GHO/tuberculosis-treatment-coverage,2023,2023,2023,SEAR,South-East Asia,BTN,Bhutan,,,,60.0,60 [49-73],49.0,73.0
TB_c_new_tsr,Treatment success rate: new TB cases,https://www.who.int/data/gho/data/indicators/indicator-details/GHO/treatment-success-rate-new-tb-cases,1996,1996,1996,SEAR,South-East Asia,BTN,Bhutan,,,,96.0,96,,
TB_e_inc_tbhiv_100k,Incidence of tuberculosis (per 100 000 population) (HIV-positive cases),https://www.who.int/data/gho/data/indicators/indicator-details/GHO/incidence-of-tuberculosis-%28per-100-000-population%29-%28hiv-positive-cases%29,2023,2023,2023,SEAR,South-East Asia,BTN,Bhutan,,,,1.1,1.1 [0.32-2.5],0.32,2.5
TB_c_dst_rlt_ret_pct,Previously treated cases tested for RR-/MDR-TB (%),https://www.who.int/data/gho/data/indicators/indicator-details/GHO/previously-treated-cases-tested-for-rr--mdr-tb-%28-%29,2022,2022,2022,SEAR,South-East Asia,BTN,Bhutan,,,,100.0,100,,
TB_c_new_tsr,Treatment success rate: new TB cases,https://www.who.int/data/gho/data/indicators/indicator-details/GHO/treatment-success-rate-new-tb-cases,2008,2008,2008,SEAR,South-East Asia,BTN,Bhutan,,,,91.0,91,,
TB_c_dst_rlt_ret_pct,Previously treated cases tested for RR-/MDR-TB (%),https://www.who.int/data/gho/data/indicators/indicator-details/GHO/previously-treated-cases-tested-for-rr--mdr-tb-%28-%29,2013,2013,2013,SEAR,South-East Asia,BTN,Bhutan,,,,29.0,29,,
TB_c_mdr_tx,Cases started on MDR-TB treatment,https://www.who.int/data/gho/data/indicators/indicator-details/GHO/cases-started-on-mdr-tb-treatment,2015,2015,2015,SEAR,South-East Asia,BTN,Bhutan,,,,49.0,49,,
TB_hivtest_pct,TB patients with known HIV status (%),https://www.who.int/data/gho/data/indicators/indicator-details/GHO/tb-patients-with-known-hiv-status-%28-%29,2013,2013,2013,SEAR,South-East Asia,BTN,Bhutan,,,,100.0,100,,
MDG_0000000020,Incidence of tuberculosis (per 100 000 population per year),https://www.who.int/data/gho/data/indicators/indicator-details/GHO/incidence-of-tuberculosis-%28per-100-000-population-per-year%29,2024,2024,2024,SEAR,South-East Asia,BTN,Bhutan,,,,191.0,191 [156-231],156.0,231.0
TB_hivtest_pct,TB patients with known HIV status (%),https://www.who.int/data/gho/data/indicators/indicator-details/GHO/tb-patients-with-known-hiv-status-%28-%29,2004,2004,2004,SEAR,South-East Asia,BTN,Bhutan,,,,25.0,25,,
TB_c_ret_tsr,Treatment success rate: previously treated TB cases,https://www.who.int/data/gho/data/indicators/indicator-details/GHO/treatment-success-rate-previously-treated-tb-cases,2001,2001,2001,SEAR,South-East Asia,BTN,Bhutan,,,,90.0,90,,
TB_e_inc_tbhiv_100k,Incidence of tuberculosis (per 100 000 population) (HIV-positive cases),https://www.who.int/data/gho/data/indicators/indicator-details/GHO/incidence-of-tuberculosis-%28per-100-000-population%29-%28hiv-positive-cases%29,2019,2019,2019,SEAR,South-East Asia,BTN,Bhutan,,,,0.51,0.51 [0.07-1.4],0.07,1.4
MDG_0000000020,Incidence of tuberculosis (per 100 000 population per year),https://www.who.int/data/gho/data/indicators/indicator-details/GHO/incidence-of-tuberculosis-%28per-100-000-population-per-year%29,2008,2008,2008,SEAR,South-East Asia,BTN,Bhutan,,,,393.0,393 [320-474],320.0,474.0
TB_c_dst_rlt_ret_pct,Previously treated cases tested for RR-/MDR-TB (%),https://www.who.int/data/gho/data/indicators/indicator-details/GHO/previously-treated-cases-tested-for-rr--mdr-tb-%28-%29,2009,2009,2009,SEAR,South-East Asia,BTN,Bhutan,,,,11.0,11,,
TB_c_ret_tsr,Treatment success rate: previously treated TB cases,https://www.who.int/data/gho/data/indicators/indicator-details/GHO/treatment-success-rate-previously-treated-tb-cases,2011,2011,2011,SEAR,South-East Asia,BTN,Bhutan,,,,76.0,76,,
TB_c_new_tsr,Treatment success rate: new TB cases,https://www.who.int/data/gho/data/indicators/indicator-details/GHO/treatment-success-rate-new-tb-cases,2001,2001,2001,SEAR,South-East Asia,BTN,Bhutan,,,,93.0,93,,
TB_c_dst_rlt_new_pct,New cases tested for RR-/MDR-TB (%),https://www.who.int/data/gho/data/indicators/indicator-details/GHO/new-cases-tested-for-rr--mdr-tb-%28-%29,2020,2020,2020,SEAR,South-East Asia,BTN,Bhutan,,,,100.0,100,,
TB_hivtest_pos_pct,Tested TB patients HIV-positive (%),https://www.who.int/data/gho/data/indicators/indicator-details/GHO/tested-tb-patients-hiv-positive-%28-%29,2009,2009,2009,SEAR,South-East Asia,BTN,Bhutan,,,,1.5,1.5,,
TB_c_ret_tsr,Treatment success rate: previously treated TB cases,https://www.who.int/data/gho/data/indicators/indicator-details/GHO/treatment-success-rate-previously-treated-tb-cases,2019,2019,2019,SEAR,South-East Asia,BTN,Bhutan,,,,100.0,100,,
TB_c_dst_rlt_new_pct,New cases tested for RR-/MDR-TB (%),https://www.who.int/data/gho/data/indicators/indicator-details/GHO/new-cases-tested-for-rr--mdr-tb-%28-%29,2015,2015,2015,SEAR,South-East Asia,BTN,Bhutan,,,,100.0,>100,,
TB_rr_mdr,Confirmed cases of RR-/MDR-TB,https://www.who.int/data/gho/data/indicators/indicator-details/GHO/confirmed-cases-of-rr--mdr-tb,2013,2013,2013,SEAR,South-East Asia,BTN,Bhutan,,,,65.0,65,,
TB_c_dst_rlt_new_pct,New cases tested for RR-/MDR-TB (%),https://www.who.int/data/gho/data/indicators/indicator-details/GHO/new-cases-tested-for-rr--mdr-tb-%28-%29,2023,2023,2023,SEAR,South-East Asia,BTN,Bhutan,,,,100.0,100,,
TB_e_inc_num,Number of incident tuberculosis cases,https://www.who.int/data/gho/data/indicators/indicator-details/GHO/number-of-incident-tuberculosis-cases,2008,2008,2008,SEAR,South-East Asia,BTN,Bhutan,,,,2700.0,2700 [2200-3300],2200.0,3300.0
TB_e_inc_num,Number of incident tuberculosis cases,https://www.who.int/data/gho/data/indicators/indicator-details/GHO/number-of-incident-tuberculosis-cases,2006,2006,2006,SEAR,South-East Asia,BTN,Bhutan,,,,2900.0,2900 [2300-3500],2300.0,3500.0
TB_rr_mdr,Confirmed cases of RR-/MDR-TB,https://www.who.int/data/gho/data/indicators/indicator-details/GHO/confirmed-cases-of-rr--mdr-tb,2021,2021,2021,SEAR,South-East Asia,BTN,Bhutan,,,,58.0,58,,
TB_c_dst_rlt_new_pct,New cases tested for RR-/MDR-TB (%),https://www.who.int/data/gho/data/indicators/indicator-details/GHO/new-cases-tested-for-rr--mdr-tb-%28-%29,2005,2005,2005,SEAR,South-East Asia,BTN,Bhutan,,,,0.65,0.65,,
TB_c_dst_rlt_ret_pct,Previously treated cases tested for RR-/MDR-TB (%),https://www.who.int/data/gho/data/indicators/indicator-details/GHO/previously-treated-cases-tested-for-rr--mdr-tb-%28-%29,2015,2015,2015,SEAR,South-East Asia,BTN,Bhutan,,,,35.0,35,,
TB_hiv_art_pct,HIV-positive TB patients on ART (antiretroviral therapy) (%),https://www.who.int/data/gho/data/indicators/indicator-details/GHO/hiv-positive-tb-patients-on-art-%28antiretroviral-therapy%29-%28-%29,2017,2017,2017,SEAR,South-East Asia,BTN,Bhutan,,,,100.0,100,,
TB_e_inc_tbhiv_num,"Number of incident tuberculosis cases,  (HIV-positive cases)",https://www.who.int/data/gho/data/indicators/indicator-details/GHO/number-of-incident-tuberculosis-cases-%28hiv-positive-cases%29,2012,2012,2012,SEAR,South-East Asia,BTN,Bhutan,,,,130.0,130 [21-330],21.0,330.0
TB_1,Tuberculosis treatment coverage,https://www.who.int/data/gho/data/indicators/indicator-details/GHO/tuberculosis-treatment-coverage,2019,2019,2019,SEAR,South-East Asia,BTN,Bhutan,,,,58.0,58 [48-71],48.0,71.0
TB_c_dst_rlt_new_pct,New cases tested for RR-/MDR-TB (%),https://www.who.int/data/gho/data/indicators/indicator-details/GHO/new-cases-tested-for-rr--mdr-tb-%28-%29,2012,2012,2012,SEAR,South-East Asia,BTN,Bhutan,,,,12.0,12,,
TB_c_mdr_tx,Cases started on MDR-TB treatment,https://www.who.int/data/gho/data/indicators/indicator-details/GHO/cases-started-on-mdr-tb-treatment,2023,2023,2023,SEAR,South-East Asia,BTN,Bhutan,,,,63.0,63,,
TB_c_dst_rlt_new_pct,New cases tested for RR-/MDR-TB (%),https://www.who.int/data/gho/data/indicators/indicator-details/GHO/new-cases-tested-for-rr--mdr-tb-%28-%29,2011,2011,2011,SEAR,South-East Asia,BTN,Bhutan,,,,13.0,13,,
TB_c_new_tsr,Treatment success rate: new TB cases,https://www.who.int/data/gho/data/indicators/indicator-details/GHO/treatment-success-rate-new-tb-cases,2006,2006,2006,SEAR,South-East Asia,BTN,Bhutan,,,,86.0,86,,
TB_e_inc_tbhiv_num,"Number of incident tuberculosis cases,  (HIV-positive cases)",https://www.who.int/data/gho/data/indicators/indicator-details/GHO/number-of-incident-tuberculosis-cases-%28hiv-positive-cases%29,2006,2006,2006,SEAR,South-East Asia,BTN,Bhutan,,,,130.0,130 [22-330],22.0,330.0
TB_c_mdr_tx,Cases started on MDR-TB treatment,https://www.who.int/data/gho/data/indicators/indicator-details/GHO/cases-started-on-mdr-tb-treatment,2016,2016,2016,SEAR,South-East Asia,BTN,Bhutan,,,,55.0,55,,
MDG_0000000020,Incidence of tuberculosis (per 100 000 population per year),https://www.who.int/data/gho/data/indicators/indicator-details/GHO/incidence-of-tuberculosis-%28per-100-000-population-per-year%29,2005,2005,2005,SEAR,South-East Asia,BTN,Bhutan,,,,508.0,508 [413-612],413.0,612.0
TB_c_mdr_tsr,Treatment success rate for patients treated for MDR-TB (%),https://www.who.int/data/gho/data/indicators/indicator-details/GHO/treatment-success-rate-for-patients-treated-for-mdr-tb-%28-%29,2013,2013,2013,SEAR,South-East Asia,BTN,Bhutan,,,,92.0,92,,
TB_e_inc_rr_num,Estimated number of MDR/RR-TB incident cases,https://www.who.int/data/gho/data/indicators/indicator-details/GHO/estimated-number-of-mdr-rr-tb-incident-cases,2021,2021,2021,SEAR,South-East Asia,BTN,Bhutan,,,,180.0,180 [140-220],140.0,220.0
TB_e_inc_tbhiv_100k,Incidence of tuberculosis (per 100 000 population) (HIV-positive cases),https://www.who.int/data/gho/data/indicators/indicator-details/GHO/incidence-of-tuberculosis-%28per-100-000-population%29-%28hiv-positive-cases%29,2017,2017,2017,SEAR,South-East Asia,BTN,Bhutan,,,,0.84,0.84 [0.21-1.9],0.21,1.9
TB_e_inc_tbhiv_num,"Number of incident tuberculosis cases,  (HIV-positive cases)",https://www.who.int/data/gho/data/indicators/indicator-details/GHO/number-of-incident-tuberculosis-cases-%28hiv-positive-cases%29,2023,2023,2023,SEAR,South-East Asia,BTN,Bhutan,,,,10.0,10 [3-21],3.0,21.0
TB_c_dst_rlt_ret_pct,Previously treated cases tested for RR-/MDR-TB (%),https://www.who.int/data/gho/data/indicators/indicator-details/GHO/previously-treated-cases-tested-for-rr--mdr-tb-%28-%29,2023,2023,2023,SEAR,South-East Asia,BTN,Bhutan,,,,100.0,100,,
MDG_0000000020,Incidence of tuberculosis (per 100 000 population per year),https://www.who.int/data/gho/data/indicators/indicator-details/GHO/incidence-of-tuberculosis-%28per-100-000-population-per-year%29,2011,2011,2011,SEAR,South-East Asia,BTN,Bhutan,,,,421.0,421 [342-507],342.0,507.0
TB_hiv_art_pct,HIV-positive TB patients on ART (antiretroviral therapy) (%),https://www.who.int/data/gho/data/indicators/indicator-details/GHO/hiv-positive-tb-patients-on-art-%28antiretroviral-therapy%29-%28-%29,2021,2021,2021,SEAR,South-East Asia,BTN,Bhutan,,,,100.0,100,,
TB_e_inc_num,Number of incident tuberculosis cases,https://www.who.int/data/gho/data/indicators/indicator-details/GHO/number-of-incident-tuberculosis-cases,2023,2023,2023,SEAR,South-East Asia,BTN,Bhutan,,,,1400.0,1400 [1100-1700],1100.0,1700.0
TB_1,Tuberculosis treatment coverage,https://www.who.int/data/gho/data/indicators/indicator-details/GHO/tuberculosis-treatment-coverage,2009,2009,2009,SEAR,South-East Asia,BTN,Bhutan,,,,38.0,38 [31-46],31.0,46.0
TB_c_ret_tsr,Treatment success rate: previously treated TB cases,https://www.who.int/data/gho/data/indicators/indicator-details/GHO/treatment-success-rate-previously-treated-tb-cases,2022,2022,2022,SEAR,South-East Asia,BTN,Bhutan,,,,73.0,73,,
MDG_0000000020,Incidence of tuberculosis (per 100 000 population per year),https://www.who.int/data/gho/data/indicators/indicator-details/GHO/incidence-of-tuberculosis-%28per-100-000-population-per-year%29,2018,2018,2018,SEAR,South-East Asia,BTN,Bhutan,,,,213.0,213 [173-257],173.0,257.0
TB_e_inc_num,Number of incident tuberculosis cases,https://www.who.int/data/gho/data/indicators/indicator-details/GHO/number-of-incident-tuberculosis-cases,2004,2004,2004,SEAR,South-East Asia,BTN,Bhutan,,,,3300.0,3300 [2700-4000],2700.0,4000.0
TB_e_inc_tbhiv_num,"Number of incident tuberculosis cases,  (HIV-positive cases)",https://www.who.int/data/gho/data/indicators/indicator-details/GHO/number-of-incident-tuberculosis-cases-%28hiv-positive-cases%29,2016,2016,2016,SEAR,South-East Asia,BTN,Bhutan,,,,12.0,12 [4-25],4.0,25.0
TB_rr_mdr,Confirmed cases of RR-/MDR-TB,https://www.who.int/data/gho/data/indicators/indicator-details/GHO/confirmed-cases-of-rr--mdr-tb,2010,2010,2010,SEAR,South-East Asia,BTN,Bhutan,,,,20.0,20,,
TB_e_inc_num,Number of incident tuberculosis cases,https://www.who.int/data/gho/data/indicators/indicator-details/GHO/number-of-incident-tuberculosis-cases,2016,2016,2016,SEAR,South-East Asia,BTN,Bhutan,,,,2200.0,2200 [1800-2700],1800.0,2700.0
TB_hiv_art_pct,HIV-positive TB patients on ART (antiretroviral therapy) (%),https://www.who.int/data/gho/data/indicators/indicator-details/GHO/hiv-positive-tb-patients-on-art-%28antiretroviral-therapy%29-%28-%29,2016,2016,2016,SEAR,South-East Asia,BTN,Bhutan,,,,50.0,50,,
TB_c_ret_tsr,Treatment success rate: previously treated TB cases,https://www.who.int/data/gho/data/indicators/indicator-details/GHO/treatment-success-rate-previously-treated-tb-cases,2023,2023,2023,SEAR,South-East Asia,BTN,Bhutan,,,,70.0,70,,
TB_c_new_tsr,Treatment success rate: new TB cases,https://www.who.int/data/gho/data/indicators/indicator-details/GHO/treatment-success-rate-new-tb-cases,2009,2009,2009,SEAR,South-East Asia,BTN,Bhutan,,,,92.0,92,,
TB_hivtest_pct,TB patients with known HIV status (%),https://www.who.int/data/gho/data/indicators/indicator-details/GHO/tb-patients-with-known-hiv-status-%28-%29,2019,2019,2019,SEAR,South-East Asia,BTN,Bhutan,,,,97.0,97,,
TB_e_inc_tbhiv_num,"Number of incident tuberculosis cases,  (HIV-positive cases)",https://www.who.int/data/gho/data/indicators/indicator-details/GHO/number-of-incident-tuberculosis-cases-%28hiv-positive-cases%29,2021,2021,2021,SEAR,South-East Asia,BTN,Bhutan,,,,5.0,5 [1-14],1.0,14.0
TB_c_newinc,Tuberculosis - new and relapse cases,https://www.who.int/data/gho/data/indicators/indicator-details/GHO/tuberculosis---new-and-relapse-cases,2007,2007,2007,SEAR,South-East Asia,BTN,Bhutan,,,,999.0,999,,
MDG_0000000020,Incidence of tuberculosis (per 100 000 population per year),https://www.who.int/data/gho/data/indicators/indicator-details/GHO/incidence-of-tuberculosis-%28per-100-000-population-per-year%29,2020,2020,2020,SEAR,South-East Asia,BTN,Bhutan,,,,201.0,201 [164-242],164.0,242.0
TB_e_inc_num,Number of incident tuberculosis cases,https://www.who.int/data/gho/data/indicators/indicator-details/GHO/number-of-incident-tuberculosis-cases,2003,2003,2003,SEAR,South-East Asia,BTN,Bhutan,,,,3500.0,3500 [2800-4200],2800.0,4200.0
TB_e_inc_tbhiv_num,"Number of incident tuberculosis cases,  (HIV-positive cases)",https://www.who.int/data/gho/data/indicators/indicator-details/GHO/number-of-incident-tuberculosis-cases-%28hiv-positive-cases%29,2014,2014,2014,SEAR,South-East Asia,BTN,Bhutan,,,,22.0,22 [10-40],10.0,40.0
TB_c_newinc,Tuberculosis - new and relapse cases,https://www.who.int/data/gho/data/indicators/indicator-details/GHO/tuberculosis---new-and-relapse-cases,2013,2013,2013,SEAR,South-East Asia,BTN,Bhutan,,,,1080.0,1080,,
TB_c_newinc,Tuberculosis - new and relapse cases,https://www.who.int/data/gho/data/indicators/indicator-details/GHO/tuberculosis---new-and-relapse-cases,2016,2016,2016,SEAR,South-East Asia,BTN,Bhutan,,,,1139.0,1139,,
TB_e_inc_num,Number of incident tuberculosis cases,https://www.who.int/data/gho/data/indicators/indicator-details/GHO/number-of-incident-tuberculosis-cases,2017,2017,2017,SEAR,South-East Asia,BTN,Bhutan,,,,1600.0,1600 [1300-2000],1300.0,2000.0
TB_c_newinc,Tuberculosis - new and relapse cases,https://www.who.int/data/gho/data/indicators/indicator-details/GHO/tuberculosis---new-and-relapse-cases,2009,2009,2009,SEAR,South-East Asia,BTN,Bhutan,,,,1125.0,1125,,
TB_e_inc_tbhiv_100k,Incidence of tuberculosis (per 100 000 population) (HIV-positive cases),https://www.who.int/data/gho/data/indicators/indicator-details/GHO/incidence-of-tuberculosis-%28per-100-000-population%29-%28hiv-positive-cases%29,2004,2004,2004,SEAR,South-East Asia,BTN,Bhutan,,,,7.1,7.1 [1.2-18],1.2,18.0
TB_c_new_tsr,Treatment success rate: new TB cases,https://www.who.int/data/gho/data/indicators/indicator-details/GHO/treatment-success-rate-new-tb-cases,2007,2007,2007,SEAR,South-East Asia,BTN,Bhutan,,,,91.0,91,,
TB_e_inc_tbhiv_num,"Number of incident tuberculosis cases,  (HIV-positive cases)",https://www.who.int/data/gho/data/indicators/indicator-details/GHO/number-of-incident-tuberculosis-cases-%28hiv-positive-cases%29,2002,2002,2002,SEAR,South-East Asia,BTN,Bhutan,,,,130.0,130 [24-310],24.0,310.0
TB_c_dst_rlt_ret_pct,Previously treated cases tested for RR-/MDR-TB (%),https://www.who.int/data/gho/data/indicators/indicator-details/GHO/previously-treated-cases-tested-for-rr--mdr-tb-%28-%29,2012,2012,2012,SEAR,South-East Asia,BTN,Bhutan,,,,2.5,2.5,,
TB_c_mdr_tx,Cases started on MDR-TB treatment,https://www.who.int/data/gho/data/indicators/indicator-details/GHO/cases-started-on-mdr-tb-treatment,2008,2008,2008,SEAR,South-East Asia,BTN,Bhutan,,,,7.0,7,,
TB_hivtest_pos_pct,Tested TB patients HIV-positive (%),https://www.who.int/data/gho/data/indicators/indicator-details/GHO/tested-tb-patients-hiv-positive-%28-%29,2005,2005,2005,SEAR,South-East Asia,BTN,Bhutan,,,,0.4,0.4,,
TB_e_inc_num,Number of incident tuberculosis cases,https://www.who.int/data/gho/data/indicators/indicator-details/GHO/number-of-incident-tuberculosis-cases,2010,2010,2010,SEAR,South-East Asia,BTN,Bhutan,,,,3300.0,3300 [2700-4000],2700.0,4000.0
TB_c_dst_rlt_new_pct,New cases tested for RR-/MDR-TB (%),https://www.who.int/data/gho/data/indicators/indicator-details/GHO/new-cases-tested-for-rr--mdr-tb-%28-%29,2008,2008,2008,SEAR,South-East Asia,BTN,Bhutan,,,,1.8,1.8,,
TB_hivtest_pos_pct,Tested TB patients HIV-positive (%),https://www.who.int/data/gho/data/indicators/indicator-details/GHO/tested-tb-patients-hiv-positive-%28-%29,2017,2017,2017,SEAR,South-East Asia,BTN,Bhutan,,,,0.58,0.58,,
TB_c_mdr_tsr,Treatment success rate for patients treated for MDR-TB (%),https://www.who.int/data/gho/data/indicators/indicator-details/GHO/treatment-success-rate-for-patients-treated-for-mdr-tb-%28-%29,2020,2020,2020,SEAR,South-East Asia,BTN,Bhutan,,,,92.0,92,,
TB_e_inc_tbhiv_100k,Incidence of tuberculosis (per 100 000 population) (HIV-positive cases),https://www.who.int/data/gho/data/indicators/indicator-details/GHO/incidence-of-tuberculosis-%28per-100-000-population%29-%28hiv-positive-cases%29,2008,2008,2008,SEAR,South-East Asia,BTN,Bhutan,,,,8.8,8.8 [1.4-23],1.4,23.0
TB_c_new_tsr,Treatment success rate: new TB cases,https://www.who.int/data/gho/data/indicators/indicator-details/GHO/treatment-success-rate-new-tb-cases,2005,2005,2005,SEAR,South-East Asia,BTN,Bhutan,,,,82.0,82,,
TB_e_inc_num_014,Number of incident tuberculosis cases in children aged 0 - 14,https://www.who.int/data/gho/data/indicators/indicator-details/GHO/number-of-incident-tuberculosis-cases-in-children-aged-0---14,2024,2024,2024,SEAR,South-East Asia,BTN,Bhutan,,,,37.0,37 [26-47],26.0,47.0
TB_c_tbhiv_tsr,Treatment success rate: HIV-positive TB cases,https://www.who.int/data/gho/data/indicators/indicator-details/GHO/treatment-success-rate-hiv-positive-tb-cases,2017,2017,2017,SEAR,South-East Asia,BTN,Bhutan,,,,100.0,100,,
TB_1,Tuberculosis treatment coverage,https://www.who.int/data/gho/data/indicators/indicator-details/GHO/tuberculosis-treatment-coverage,2022,2022,2022,SEAR,South-East Asia,BTN,Bhutan,,,,60.0,60 [49-73],49.0,73.0
TB_e_inc_tbhiv_100k,Incidence of tuberculosis (per 100 000 population) (HIV-positive cases),https://www.who.int/data/gho/data/indicators/indicator-details/GHO/incidence-of-tuberculosis-%28per-100-000-population%29-%28hiv-positive-cases%29,2014,2014,2014,SEAR,South-East Asia,BTN,Bhutan,,,,1.8,1.8 [0.76-3.4],0.76,3.4
TB_e_inc_tbhiv_num,"Number of incident tuberculosis cases,  (HIV-positive cases)",https://www.who.int/data/gho/data/indicators/indicator-details/GHO/number-of-incident-tuberculosis-cases-%28hiv-positive-cases%29,2008,2008,2008,SEAR,South-East Asia,BTN,Bhutan,,,,130.0,130 [22-340],22.0,340.0
TB_c_mdr_tsr,Treatment success rate for patients treated for MDR-TB (%),https://www.who.int/data/gho/data/indicators/indicator-details/GHO/treatment-success-rate-for-patients-treated-for-mdr-tb-%28-%29,2012,2012,2012,SEAR,South-East Asia,BTN,Bhutan,,,,100.0,100,,
TB_1,Tuberculosis treatment coverage,https://www.who.int/data/gho/data/indicators/indicator-details/GHO/tuberculosis-treatment-coverage,2021,2021,2021,SEAR,South-East Asia,BTN,Bhutan,,,,60.0,60 [49-73],49.0,73.0
TB_c_dst_rlt_ret_pct,Previously treated cases tested for RR-/MDR-TB (%),https://www.who.int/data/gho/data/indicators/indicator-details/GHO/previously-treated-cases-tested-for-rr--mdr-tb-%28-%29,2024,2024,2024,SEAR,South-East Asia,BTN,Bhutan,,,,100.0,100,,
TB_c_newinc,Tuberculosis - new and relapse cases,https://www.who.int/data/gho/data/indicators/indicator-details/GHO/tuberculosis---new-and-relapse-cases,2018,2018,2018,SEAR,South-East Asia,BTN,Bhutan,,,,898.0,898,,
TB_c_mdr_tx,Cases started on MDR-TB treatment,https://www.who.int/data/gho/data/indicators/indicator-details/GHO/cases-started-on-mdr-tb-treatment,2013,2013,2013,SEAR,South-East Asia,BTN,Bhutan,,,,49.0,49,,
TB_rr_mdr,Confirmed cases of RR-/MDR-TB,https://www.who.int/data/gho/data/indicators/indicator-details/GHO/confirmed-cases-of-rr--mdr-tb,2014,2014,2014,SEAR,South-East Asia,BTN,Bhutan,,,,57.0,57,,
TB_c_new_tsr,Treatment success rate: new TB cases,https://www.who.int/data/gho/data/indicators/indicator-details/GHO/treatment-success-rate-new-tb-cases,1997,1997,1997,SEAR,South-East Asia,BTN,Bhutan,,,,85.0,85,,
TB_e_inc_tbhiv_100k,Incidence of tuberculosis (per 100 000 population) (HIV-positive cases),https://www.who.int/data/gho/data/indicators/indicator-details/GHO/incidence-of-tuberculosis-%28per-100-000-population%29-%28hiv-positive-cases%29,2007,2007,2007,SEAR,South-East Asia,BTN,Bhutan,,,,9.0,9 [1.5-23],1.5,23.0
TB_c_dst_rlt_new_pct,New cases tested for RR-/MDR-TB (%),https://www.who.int/data/gho/data/indicators/indicator-details/GHO/new-cases-tested-for-rr--mdr-tb-%28-%29,2014,2014,2014,SEAR,South-East Asia,BTN,Bhutan,,,,84.0,84,,
TB_1,Tuberculosis treatment coverage,https://www.who.int/data/gho/data/indicators/indicator-details/GHO/tuberculosis-treatment-coverage,2017,2017,2017,SEAR,South-East Asia,BTN,Bhutan,,,,53.0,53 [44-65],44.0,65.0
TB_e_inc_tbhiv_100k,Incidence of tuberculosis (per 100 000 population) (HIV-positive cases),https://www.who.int/data/gho/data/indicators/indicator-details/GHO/incidence-of-tuberculosis-%28per-100-000-population%29-%28hiv-positive-cases%29,2001,2001,2001,SEAR,South-East Asia,BTN,Bhutan,,,,7.4,7.4 [1.3-19],1.3,19.0
TB_rr_mdr,Confirmed cases of RR-/MDR-TB,https://www.who.int/data/gho/data/indicators/indicator-details/GHO/confirmed-cases-of-rr--mdr-tb,2018,2018,2018,SEAR,South-East Asia,BTN,Bhutan,,,,63.0,63,,
TB_1,Tuberculosis treatment coverage,https://www.who.int/data/gho/data/indicators/indicator-details/GHO/tuberculosis-treatment-coverage,2000,2000,2000,SEAR,South-East Asia,BTN,Bhutan,,,,29.0,29 [24-35],24.0,35.0
TB_hivtest_pct,TB patients with known HIV status (%),https://www.who.int/data/gho/data/indicators/indicator-details/GHO/tb-patients-with-known-hiv-status-%28-%29,2022,2022,2022,SEAR,South-East Asia,BTN,Bhutan,,,,100.0,100,,
TB_e_inc_tbhiv_100k,Incidence of tuberculosis (per 100 000 population) (HIV-positive cases),https://www.who.int/data/gho/data/indicators/indicator-details/GHO/incidence-of-tuberculosis-%28per-100-000-population%29-%28hiv-positive-cases%29,2020,2020,2020,SEAR,South-East Asia,BTN,Bhutan,,,,1.1,1.1 [0.32-2.3],0.32,2.3
TB_c_mdr_tx,Cases started on MDR-TB treatment,https://www.who.int/data/gho/data/indicators/indicator-details/GHO/cases-started-on-mdr-tb-treatment,2018,2018,2018,SEAR,South-East Asia,BTN,Bhutan,,,,63.0,63,,
TB_rr_mdr,Confirmed cases of RR-/MDR-TB,https://www.who.int/data/gho/data/indicators/indicator-details/GHO/confirmed-cases-of-rr--mdr-tb,2011,2011,2011,SEAR,South-East Asia,BTN,Bhutan,,,,22.0,22,,
TB_hivtest_pos_pct,Tested TB patients HIV-positive (%),https://www.who.int/data/gho/data/indicators/indicator-details/GHO/tested-tb-patients-hiv-positive-%28-%29,2022,2022,2022,SEAR,South-East Asia,BTN,Bhutan,,,,0.37,0.37,,
TB_1,Tuberculosis treatment coverage,https://www.who.int/data/gho/data/indicators/indicator-details/GHO/tuberculosis-treatment-coverage,2005,2005,2005,SEAR,South-East Asia,BTN,Bhutan,,,,30.0,30 [25-37],25.0,37.0
TB_c_newinc,Tuberculosis - new and relapse cases,https://www.who.int/data/gho/data/indicators/indicator-details/GHO/tuberculosis---new-and-relapse-cases,2008,2008,2008,SEAR,South-East Asia,BTN,Bhutan,,,,961.0,961,,
TB_c_newinc,Tuberculosis - new and relapse cases,https://www.who.int/data/gho/data/indicators/indicator-details/GHO/tuberculosis---new-and-relapse-cases,2006,2006,2006,SEAR,South-East Asia,BTN,Bhutan,,,,917.0,917,,
TB_hivtest_pct,TB patients with known HIV status (%),https://www.who.int/data/gho/data/indicators/indicator-details/GHO/tb-patients-with-known-hiv-status-%28-%29,2021,2021,2021,SEAR,South-East Asia,BTN,Bhutan,,,,100.0,100,,
TB_c_mdr_tx,Cases started on MDR-TB treatment,https://www.who.int/data/gho/data/indicators/indicator-details/GHO/cases-started-on-mdr-tb-treatment,2012,2012,2012,SEAR,South-East Asia,BTN,Bhutan,,,,11.0,11,,
TB_e_inc_tbhiv_num,"Number of incident tuberculosis cases,  (HIV-positive cases)",https://www.who.int/data/gho/data/indicators/indicator-details/GHO/number-of-incident-tuberculosis-cases-%28hiv-positive-cases%29,2013,2013,2013,SEAR,South-East Asia,BTN,Bhutan,,,,110.0,110 [19-290],19.0,290.0
TB_c_dst_rlt_new_pct,New cases tested for RR-/MDR-TB (%),https://www.who.int/data/gho/data/indicators/indicator-details/GHO/new-cases-tested-for-rr--mdr-tb-%28-%29,2021,2021,2021,SEAR,South-East Asia,BTN,Bhutan,,,,97.0,97,,
TB_c_dst_rlt_new_pct,New cases tested for RR-/MDR-TB (%),https://www.who.int/data/gho/data/indicators/indicator-details/GHO/new-cases-tested-for-rr--mdr-tb-%28-%29,2009,2009,2009,SEAR,South-East Asia,BTN,Bhutan,,,,1.6,1.6,,
TB_c_mdr_tsr,Treatment success rate for patients treated for MDR-TB (%),https://www.who.int/data/gho/data/indicators/indicator-details/GHO/treatment-success-rate-for-patients-treated-for-mdr-tb-%28-%29,2009,2009,2009,SEAR,South-East Asia,BTN,Bhutan,,,,64.0,64,,
TB_e_inc_num,Number of incident tuberculosis cases,https://www.who.int/data/gho/data/indicators/indicator-details/GHO/number-of-incident-tuberculosis-cases,2012,2012,2012,SEAR,South-East Asia,BTN,Bhutan,,,,2600.0,2600 [2100-3100],2100.0,3100.0
TB_hivtest_pct,TB patients with known HIV status (%),https://www.who.int/data/gho/data/indicators/indicator-details/GHO/tb-patients-with-known-hiv-status-%28-%29,2023,2023,2023,SEAR,South-East Asia,BTN,Bhutan,,,,100.0,100,,
MDG_0000000020,Incidence of tuberculosis (per 100 000 population per year),https://www.who.int/data/gho/data/indicators/indicator-details/GHO/incidence-of-tuberculosis-%28per-100-000-population-per-year%29,2022,2022,2022,SEAR,South-East Asia,BTN,Bhutan,,,,171.0,171 [139-206],139.0,206.0
TB_hivtest_pct,TB patients with known HIV status (%),https://www.who.int/data/gho/data/indicators/indicator-details/GHO/tb-patients-with-known-hiv-status-%28-%29,2017,2017,2017,SEAR,South-East Asia,BTN,Bhutan,,,,100.0,100,,
TB_e_inc_num,Number of incident tuberculosis cases,https://www.who.int/data/gho/data/indicators/indicator-details/GHO/number-of-incident-tuberculosis-cases,2005,2005,2005,SEAR,South-East Asia,BTN,Bhutan,,,,3400.0,3400 [2700-4100],2700.0,4100.0
TB_e_inc_tbhiv_100k,Incidence of tuberculosis (per 100 000 population) (HIV-positive cases),https://www.who.int/data/gho/data/indicators/indicator-details/GHO/incidence-of-tuberculosis-%28per-100-000-population%29-%28hiv-positive-cases%29,2009,2009,2009,SEAR,South-East Asia,BTN,Bhutan,,,,10.0,10 [1.6-27],1.6,27.0
TB_c_dst_rlt_ret_pct,Previously treated cases tested for RR-/MDR-TB (%),https://www.who.int/data/gho/data/indicators/indicator-details/GHO/previously-treated-cases-tested-for-rr--mdr-tb-%28-%29,2005,2005,2005,SEAR,South-East Asia,BTN,Bhutan,,,,5.9,5.9,,
TB_c_newinc,Tuberculosis - new and relapse cases,https://www.who.int/data/gho/data/indicators/indicator-details/GHO/tuberculosis---new-and-relapse-cases,2017,2017,2017,SEAR,South-East Asia,BTN,Bhutan,,,,865.0,865,,
TB_e_inc_tbhiv_num,"Number of incident tuberculosis cases,  (HIV-positive cases)",https://www.who.int/data/gho/data/indicators/indicator-details/GHO/number-of-incident-tuberculosis-cases-%28hiv-positive-cases%29,2022,2022,2022,SEAR,South-East Asia,BTN,Bhutan,,,,5.0,5 [1-14],1.0,14.0
TB_e_inc_tbhiv_num,"Number of incident tuberculosis cases,  (HIV-positive cases)",https://www.who.int/data/gho/data/indicators/indicator-details/GHO/number-of-incident-tuberculosis-cases-%28hiv-positive-cases%29,2015,2015,2015,SEAR,South-East Asia,BTN,Bhutan,,,,18.0,18 [7-34],7.0,34.0
TB_c_tbhiv_tsr,Treatment success rate: HIV-positive TB cases,https://www.who.int/data/gho/data/indicators/indicator-details/GHO/treatment-success-rate-hiv-positive-tb-cases,2018,2018,2018,SEAR,South-East Asia,BTN,Bhutan,,,,100.0,100,,
MDG_0000000020,Incidence of tuberculosis (per 100 000 population per year),https://www.who.int/data/gho/data/indicators/indicator-details/GHO/incidence-of-tuberculosis-%28per-100-000-population-per-year%29,2003,2003,2003,SEAR,South-East Asia,BTN,Bhutan,,,,547.0,547 [445-659],445.0,659.0
TB_c_new_tsr,Treatment success rate: new TB cases,https://www.who.int/data/gho/data/indicators/indicator-details/GHO/treatment-success-rate-new-tb-cases,1999,1999,1999,SEAR,South-East Asia,BTN,Bhutan,,,,85.0,85,,
TB_1,Tuberculosis treatment coverage,https://www.who.int/data/gho/data/indicators/indicator-details/GHO/tuberculosis-treatment-coverage,2014,2014,2014,SEAR,South-East Asia,BTN,Bhutan,,,,47.0,47 [39-58],39.0,58.0
TB_hiv_art_pct,HIV-positive TB patients on ART (antiretroviral therapy) (%),https://www.who.int/data/gho/data/indicators/indicator-details/GHO/hiv-positive-tb-patients-on-art-%28antiretroviral-therapy%29-%28-%29,2018,2018,2018,SEAR,South-East Asia,BTN,Bhutan,,,,100.0,100,,
TB_rr_mdr,Confirmed cases of RR-/MDR-TB,https://www.who.int/data/gho/data/indicators/indicator-details/GHO/confirmed-cases-of-rr--mdr-tb,2005,2005,2005,SEAR,South-East Asia,BTN,Bhutan,,,,2.0,2,,
TB_c_new_tsr,Treatment success rate: new TB cases,https://www.who.int/data/gho/data/indicators/indicator-details/GHO/treatment-success-rate-new-tb-cases,2003,2003,2003,SEAR,South-East Asia,BTN,Bhutan,,,,90.0,90,,
MDG_0000000020,Incidence of tuberculosis (per 100 000 population per year),https://www.who.int/data/gho/data/indicators/indicator-details/GHO/incidence-of-tuberculosis-%28per-100-000-population-per-year%29,2007,2007,2007,SEAR,South-East Asia,BTN,Bhutan,,,,436.0,436 [355-526],355.0,526.0
TB_e_inc_tbhiv_100k,Incidence of tuberculosis (per 100 000 population) (HIV-positive cases),https://www.who.int/data/gho/data/indicators/indicator-details/GHO/incidence-of-tuberculosis-%28per-100-000-population%29-%28hiv-positive-cases%29,2022,2022,2022,SEAR,South-East Asia,BTN,Bhutan,,,,0.61,0.61 [0.07-1.7],0.07,1.7
TB_e_inc_num,Number of incident tuberculosis cases,https://www.who.int/data/gho/data/indicators/indicator-details/GHO/number-of-incident-tuberculosis-cases,2001,2001,2001,SEAR,South-East Asia,BTN,Bhutan,,,,3600.0,3600 [2900-4300],2900.0,4300.0
TB_c_mdr_tsr,Treatment success rate for patients treated for MDR-TB (%),https://www.who.int/data/gho/data/indicators/indicator-details/GHO/treatment-success-rate-for-patients-treated-for-mdr-tb-%28-%29,2011,2011,2011,SEAR,South-East Asia,BTN,Bhutan,,,,86.0,86,,
TB_c_newinc,Tuberculosis - new and relapse cases,https://www.who.int/data/gho/data/indicators/indicator-details/GHO/tuberculosis---new-and-relapse-cases,2000,2000,2000,SEAR,South-East Asia,BTN,Bhutan,,,,1140.0,1140,,
TB_1,Tuberculosis treatment coverage,https://www.who.int/data/gho/data/indicators/indicator-details/GHO/tuberculosis-treatment-coverage,2011,2011,2011,SEAR,South-East Asia,BTN,Bhutan,,,,41.0,41 [34-51],34.0,51.0
TB_c_xdr_tsr,Treatment success rate: XDR-TB cases,https://www.who.int/data/gho/data/indicators/indicator-details/GHO/estimated-xdr-tb-cases,2021,2021,2021,SEAR,South-East Asia,BTN,Bhutan,,,,100.0,100,,
TB_c_mdr_tsr,Treatment success rate for patients treated for MDR-TB (%),https://www.who.int/data/gho/data/indicators/indicator-details/GHO/treatment-success-rate-for-patients-treated-for-mdr-tb-%28-%29,2018,2018,2018,SEAR,South-East Asia,BTN,Bhutan,,,,94.0,94,,
TB_hiv_art_pct,HIV-positive TB patients on ART (antiretroviral therapy) (%),https://www.who.int/data/gho/data/indicators/indicator-details/GHO/hiv-positive-tb-patients-on-art-%28antiretroviral-therapy%29-%28-%29,2019,2019,2019,SEAR,South-East Asia,BTN,Bhutan,,,,100.0,100,,
TB_hivtest_pos_pct,Tested TB patients HIV-positive (%),https://www.who.int/data/gho/data/indicators/indicator-details/GHO/tested-tb-patients-hiv-positive-%28-%29,2016,2016,2016,SEAR,South-East Asia,BTN,Bhutan,,,,0.53,0.53,,
TB_1,Tuberculosis treatment coverage,https://www.who.int/data/gho/data/indicators/indicator-details/GHO/tuberculosis-treatment-coverage,2006,2006,2006,SEAR,South-East Asia,BTN,Bhutan,,,,32.0,32 [26-39],26.0,39.0
TB_c_mdr_tsr,Treatment success rate for patients treated for MDR-TB (%),https://www.who.int/data/gho/data/indicators/indicator-details/GHO/treatment-success-rate-for-patients-treated-for-mdr-tb-%28-%29,2015,2015,2015,SEAR,South-East Asia,BTN,Bhutan,,,,91.0,91,,
TB_e_inc_num,Number of incident tuberculosis cases,https://www.who.int/data/gho/data/indicators/indicator-details/GHO/number-of-incident-tuberculosis-cases,2007,2007,2007,SEAR,South-East Asia,BTN,Bhutan,,,,3000.0,3000 [2400-3600],2400.0,3600.0
TB_c_newinc,Tuberculosis - new and relapse cases,https://www.who.int/data/gho/data/indicators/indicator-details/GHO/tuberculosis---new-and-relapse-cases,2019,2019,2019,SEAR,South-East Asia,BTN,Bhutan,,,,1005.0,1005,,
TB_e_inc_tbhiv_num,"Number of incident tuberculosis cases,  (HIV-positive cases)",https://www.who.int/data/gho/data/indicators/indicator-details/GHO/number-of-incident-tuberculosis-cases-%28hiv-positive-cases%29,2003,2003,2003,SEAR,South-East Asia,BTN,Bhutan,,,,120.0,120 [23-300],23.0,300.0
TB_1,Tuberculosis treatment coverage,https://www.who.int/data/gho/data/indicators/indicator-details/GHO/tuberculosis-treatment-coverage,2008,2008,2008,SEAR,South-East Asia,BTN,Bhutan,,,,36.0,36 [30-44],30.0,44.0
TB_hivtest_pct,TB patients with known HIV status (%),https://www.who.int/data/gho/data/indicators/indicator-details/GHO/tb-patients-with-known-hiv-status-%28-%29,2020,2020,2020,SEAR,South-East Asia,BTN,Bhutan,,,,100.0,100,,
TB_e_inc_num,Number of incident tuberculosis cases,https://www.who.int/data/gho/data/indicators/indicator-details/GHO/number-of-incident-tuberculosis-cases,2009,2009,2009,SEAR,South-East Asia,BTN,Bhutan,,,,3000.0,3000 [2400-3600],2400.0,3600.0
TB_c_mdr_tsr,Treatment success rate for patients treated for MDR-TB (%),https://www.who.int/data/gho/data/indicators/indicator-details/GHO/treatment-success-rate-for-patients-treated-for-mdr-tb-%28-%29,2021,2021,2021,SEAR,South-East Asia,BTN,Bhutan,,,,96.0,96,,
MDG_0000000020,Incidence of tuberculosis (per 100 000 population per year),https://www.who.int/data/gho/data/indicators/indicator-details/GHO/incidence-of-tuberculosis-%28per-100-000-population-per-year%29,2021,2021,2021,SEAR,South-East Asia,BTN,Bhutan,,,,185.0,185 [150-223],150.0,223.0
TB_c_dst_rlt_new_pct,New cases tested for RR-/MDR-TB (%),https://www.who.int/data/gho/data/indicators/indicator-details/GHO/new-cases-tested-for-rr--mdr-tb-%28-%29,2022,2022,2022,SEAR,South-East Asia,BTN,Bhutan,,,,100.0,100,,
TB_c_new_tsr,Treatment success rate: new TB cases,https://www.who.int/data/gho/data/indicators/indicator-details/GHO/treatment-success-rate-new-tb-cases,2000,2000,2000,SEAR,South-East Asia,BTN,Bhutan,,,,90.0,90,,
TB_c_ret_tsr,Treatment success rate: previously treated TB cases,https://www.who.int/data/gho/data/indicators/indicator-details/GHO/treatment-success-rate-previously-treated-tb-cases,2003,2003,2003,SEAR,South-East Asia,BTN,Bhutan,,,,79.0,79,,
TB_e_inc_tbhiv_num,"Number of incident tuberculosis cases,  (HIV-positive cases)",https://www.who.int/data/gho/data/indicators/indicator-details/GHO/number-of-incident-tuberculosis-cases-%28hiv-positive-cases%29,2009,2009,2009,SEAR,South-East Asia,BTN,Bhutan,,,,150.0,150 [25-380],25.0,380.0
TB_c_mdr_tsr,Treatment success rate for patients treated for MDR-TB (%),https://www.who.int/data/gho/data/indicators/indicator-details/GHO/treatment-success-rate-for-patients-treated-for-mdr-tb-%28-%29,2010,2010,2010,SEAR,South-East Asia,BTN,Bhutan,,,,82.0,82,,
TB_c_ret_tsr,Treatment success rate: previously treated TB cases,https://www.who.int/data/gho/data/indicators/indicator-details/GHO/treatment-success-rate-previously-treated-tb-cases,2014,2014,2014,SEAR,South-East Asia,BTN,Bhutan,,,,79.0,79,,
TB_e_inc_tbhiv_num,"Number of incident tuberculosis cases,  (HIV-positive cases)",https://www.who.int/data/gho/data/indicators/indicator-details/GHO/number-of-incident-tuberculosis-cases-%28hiv-positive-cases%29,2000,2000,2000,SEAR,South-East Asia,BTN,Bhutan,,,,150.0,150 [27-360],27.0,360.0
TB_e_inc_tbhiv_num,"Number of incident tuberculosis cases,  (HIV-positive cases)",https://www.who.int/data/gho/data/indicators/indicator-details/GHO/number-of-incident-tuberculosis-cases-%28hiv-positive-cases%29,2017,2017,2017,SEAR,South-East Asia,BTN,Bhutan,,,,9.0,9 [2-21],2.0,21.0
TB_c_ret_tsr,Treatment success rate: previously treated TB cases,https://www.who.int/data/gho/data/indicators/indicator-details/GHO/treatment-success-rate-previously-treated-tb-cases,2005,2005,2005,SEAR,South-East Asia,BTN,Bhutan,,,,75.0,75,,
TB_c_new_tsr,Treatment success rate: new TB cases,https://www.who.int/data/gho/data/indicators/indicator-details/GHO/treatment-success-rate-new-tb-cases,2018,2018,2018,SEAR,South-East Asia,BTN,Bhutan,,,,95.0,95,,
TB_c_ret_tsr,Treatment success rate: previously treated TB cases,https://www.who.int/data/gho/data/indicators/indicator-details/GHO/treatment-success-rate-previously-treated-tb-cases,2020,2020,2020,SEAR,South-East Asia,BTN,Bhutan,,,,100.0,100,,
TB_c_mdr_tx,Cases started on MDR-TB treatment,https://www.who.int/data/gho/data/indicators/indicator-details/GHO/cases-started-on-mdr-tb-treatment,2014,2014,2014,SEAR,South-East Asia,BTN,Bhutan,,,,61.0,61,,
TB_c_tbhiv_tsr,Treatment success rate: HIV-positive TB cases,https://www.who.int/data/gho/data/indicators/indicator-details/GHO/treatment-success-rate-hiv-positive-tb-cases,2014,2014,2014,SEAR,South-East Asia,BTN,Bhutan,,,,90.0,90,,
TB_hiv_art_pct,HIV-positive TB patients on ART (antiretroviral therapy) (%),https://www.who.int/data/gho/data/indicators/indicator-details/GHO/hiv-positive-tb-patients-on-art-%28antiretroviral-therapy%29-%28-%29,2014,2014,2014,SEAR,South-East Asia,BTN,Bhutan,,,,100.0,100,,
TB_e_inc_tbhiv_100k,Incidence of tuberculosis (per 100 000 population) (HIV-positive cases),https://www.who.int/data/gho/data/indicators/indicator-details/GHO/incidence-of-tuberculosis-%28per-100-000-population%29-%28hiv-positive-cases%29,2013,2013,2013,SEAR,South-East Asia,BTN,Bhutan,,,,9.1,9.1 [1.4-24],1.4,24.0
TB_c_new_tsr,Treatment success rate: new TB cases,https://www.who.int/data/gho/data/indicators/indicator-details/GHO/treatment-success-rate-new-tb-cases,2004,2004,2004,SEAR,South-East Asia,BTN,Bhutan,,,,82.0,82,,
TB_c_ret_tsr,Treatment success rate: previously treated TB cases,https://www.who.int/data/gho/data/indicators/indicator-details/GHO/treatment-success-rate-previously-treated-tb-cases,2007,2007,2007,SEAR,South-East Asia,BTN,Bhutan,,,,91.0,91,,
TB_c_mdr_tsr,Treatment success rate for patients treated for MDR-TB (%),https://www.who.int/data/gho/data/indicators/indicator-details/GHO/treatment-success-rate-for-patients-treated-for-mdr-tb-%28-%29,2007,2007,2007,SEAR,South-East Asia,BTN,Bhutan,,,,83.0,83,,
TB_hivtest_pos_pct,Tested TB patients HIV-positive (%),https://www.who.int/data/gho/data/indicators/indicator-details/GHO/tested-tb-patients-hiv-positive-%28-%29,2014,2014,2014,SEAR,South-East Asia,BTN,Bhutan,,,,1.0,1,,
TB_e_inc_num,Number of incident tuberculosis cases,https://www.who.int/data/gho/data/indicators/indicator-details/GHO/number-of-incident-tuberculosis-cases,2013,2013,2013,SEAR,South-East Asia,BTN,Bhutan,,,,2400.0,2400 [1900-2900],1900.0,2900.0
TB_c_new_tsr,Treatment success rate: new TB cases,https://www.who.int/data/gho/data/indicators/indicator-details/GHO/treatment-success-rate-new-tb-cases,2016,2016,2016,SEAR,South-East Asia,BTN,Bhutan,,,,95.0,95,,
TB_hivtest_pos_pct,Tested TB patients HIV-positive (%),https://www.who.int/data/gho/data/indicators/indicator-details/GHO/tested-tb-patients-hiv-positive-%28-%29,2023,2023,2023,SEAR,South-East Asia,BTN,Bhutan,,,,0.69,0.69,,
TB_c_mdr_tx,Cases started on MDR-TB treatment,https://www.who.int/data/gho/data/indicators/indicator-details/GHO/cases-started-on-mdr-tb-treatment,2021,2021,2021,SEAR,South-East Asia,BTN,Bhutan,,,,56.0,56,,
TB_1,Tuberculosis treatment coverage,https://www.who.int/data/gho/data/indicators/indicator-details/GHO/tuberculosis-treatment-coverage,2003,2003,2003,SEAR,South-East Asia,BTN,Bhutan,,,,29.0,29 [24-36],24.0,36.0
TB_e_inc_num,Number of incident tuberculosis cases,https://www.who.int/data/gho/data/indicators/indicator-details/GHO/number-of-incident-tuberculosis-cases,2020,2020,2020,SEAR,South-East Asia,BTN,Bhutan,,,,1500.0,1500 [1300-1900],1300.0,1900.0
TB_c_mdr_tx,Cases started on MDR-TB treatment,https://www.who.int/data/gho/data/indicators/indicator-details/GHO/cases-started-on-mdr-tb-treatment,2010,2010,2010,SEAR,South-East Asia,BTN,Bhutan,,,,17.0,17,,
TB_e_inc_num,Number of incident tuberculosis cases,https://www.who.int/data/gho/data/indicators/indicator-details/GHO/number-of-incident-tuberculosis-cases,2015,2015,2015,SEAR,South-East Asia,BTN,Bhutan,,,,2000.0,2000 [1600-2400],1600.0,2400.0
TB_e_inc_rr_num,Estimated number of MDR/RR-TB incident cases,https://www.who.int/data/gho/data/indicators/indicator-details/GHO/estimated-number-of-mdr-rr-tb-incident-cases,2015,2015,2015,SEAR,South-East Asia,BTN,Bhutan,,,,280.0,280 [210-350],210.0,350.0
TB_c_mdr_tsr,Treatment success rate for patients treated for MDR-TB (%),https://www.who.int/data/gho/data/indicators/indicator-details/GHO/treatment-success-rate-for-patients-treated-for-mdr-tb-%28-%29,2016,2016,2016,SEAR,South-East Asia,BTN,Bhutan,,,,91.0,91,,
TB_hivtest_pos_pct,Tested TB patients HIV-positive (%),https://www.who.int/data/gho/data/indicators/indicator-details/GHO/tested-tb-patients-hiv-positive-%28-%29,2018,2018,2018,SEAR,South-East Asia,BTN,Bhutan,,,,0.23,0.23,,
TB_e_inc_num,Number of incident tuberculosis cases,https://www.who.int/data/gho/data/indicators/indicator-details/GHO/number-of-incident-tuberculosis-cases,2019,2019,2019,SEAR,South-East Asia,BTN,Bhutan,,,,1700.0,1700 [1400-2100],1400.0,2100.0
TB_c_new_tsr,Treatment success rate: new TB cases,https://www.who.int/data/gho/data/indicators/indicator-details/GHO/treatment-success-rate-new-tb-cases,2011,2011,2011,SEAR,South-East Asia,BTN,Bhutan,,,,91.0,91,,
TB_c_ret_tsr,Treatment success rate: previously treated TB cases,https://www.who.int/data/gho/data/indicators/indicator-details/GHO/treatment-success-rate-previously-treated-tb-cases,1995,1995,1995,SEAR,South-East Asia,BTN,Bhutan,,,,59.0,59,,
TB_c_ret_tsr,Treatment success rate: previously treated TB cases,https://www.who.int/data/gho/data/indicators/indicator-details/GHO/treatment-success-rate-previously-treated-tb-cases,2018,2018,2018,SEAR,South-East Asia,BTN,Bhutan,,,,95.0,95,,
TB_hivtest_pct,TB patients with known HIV status (%),https://www.who.int/data/gho/data/indicators/indicator-details/GHO/tb-patients-with-known-hiv-status-%28-%29,2014,2014,2014,SEAR,South-East Asia,BTN,Bhutan,,,,65.0,65,,
